X,Y
0,54
1,54
2,54
3,54
4,54
5,54
6,54
7,54
8,54
9,54
10,54
11,54
12,54
13,54
14,54
15,54
16,54
17,54
18,54
19,54
20,54
21,54
22,54
23,54
24,54
25,54
26,54
27,54
28,54
29,54
30,54
31,54
32,54
33,54
34,54
35,54
36,54
37,54
38,54
39,54
40,54
41,54
42,54
43,54
44,54
45,54
46,54
47,54
48,54
49,54
50,54
51,54
52,54
53,54
54,54
55,54
56,54
57,54
58,54
59,54
60,54
61,54
62,54
63,54
64,54
65,54
66,54
67,54
68,54
69,54
70,54
71,54
72,54
73,54
74,54
75,54
76,54
77,54
78,54
79,54
80,54
81,54
82,54
83,54
84,54
85,54
86,54
87,54
88,54
89,54
90,54
91,54
92,54
93,54
94,54
95,54
96,54
97,54
98,54
99,54
100,54
101,54
102,54
103,54
104,54
105,54
106,54
107,54
108,54
109,54
110,54
111,54
112,54
113,54
114,54
115,54
116,54
117,54
118,54
119,54
120,54
121,54
122,54
123,54
124,54
125,54
126,54
127,54
128,54
129,54
130,54
131,54
132,54
133,54
134,54
135,54
136,54
137,54
138,54
139,54
140,54
141,54
142,54
143,54
144,54
145,54
146,54
147,54
148,54
149,54
150,54
151,54
152,54
153,54
154,54
155,54
156,54
157,54
158,54
159,54
160,54
161,54
162,54
163,54
164,54
165,54
166,54
167,54
168,54
169,54
170,54
171,54
172,54
173,54
174,54
175,54
176,54
177,54
178,54
179,54
180,54
181,54
182,54
183,54
184,54
185,54
186,54
187,54
188,54
189,54
190,54
191,54
192,54
193,54
194,54
195,54
196,54
197,54
198,54
199,54
200,54
201,54
202,54
203,54
204,54
205,54
206,54
207,54
208,54
209,54
210,54
211,54
212,54
213,54
214,54
215,54
216,54
217,54
218,54
219,54
220,54
221,54
222,54
223,54
224,54
225,54
226,54
227,54
228,54
229,54
230,54
231,54
232,54
233,54
234,54
235,54
236,54
237,54
238,54
239,54
240,54
241,54
242,54
243,54
244,54
245,54
246,54
247,54
248,54
249,54
250,54
251,54
252,54
253,54
254,54
255,54
256,54
257,54
258,54
259,54
260,54
261,54
262,54
263,54
264,54
265,54
266,54
267,54
268,54
269,54
270,54
271,54
272,54
273,54
274,54
275,54
276,54
277,54
278,54
279,54
280,54
281,54
282,54
283,54
284,54
285,54
286,54
287,54
288,54
289,54
290,54
291,54
292,54
293,54
294,54
295,54
296,54
297,54
298,54
299,54
300,54
301,54
302,54
303,54
304,54
305,54
306,54
307,54
308,54
309,54
310,54
311,54
312,54
313,54
314,54
315,54
316,54
317,54
318,54
319,54
320,54
321,54
322,54
323,54
324,54
325,54
326,54
327,54
328,54
329,54
330,54
331,54
332,54
333,54
334,54
335,54
336,54
337,54
338,54
339,54
340,54
341,54
342,54
343,54
344,54
345,54
346,54
347,54
348,54
349,54
350,54
351,54
352,54
353,54
354,54
355,54
356,54
357,54
358,54
359,54
360,54
361,54
362,54
363,54
364,54
365,54
366,54
367,54
368,54
369,54
370,54
371,54
372,54
373,54
374,54
375,54
376,54
377,54
378,54
379,54
380,54
381,54
382,54
383,54
384,54
385,54
386,54
387,54
388,54
389,54
390,54
0,53
1,53
2,53
3,53
4,53
5,53
6,53
7,53
8,53
9,53
10,53
11,53
12,53
13,53
14,53
15,53
16,53
17,53
18,53
19,53
20,53
21,53
22,53
23,53
24,53
25,53
26,53
27,53
28,53
29,53
30,53
31,53
32,53
33,53
34,53
35,53
36,53
37,53
38,53
39,53
40,53
41,53
42,53
43,53
44,53
45,53
46,53
47,53
48,53
49,53
50,53
51,53
52,53
53,53
54,53
55,53
56,53
57,53
58,53
59,53
60,53
61,53
62,53
63,53
64,53
65,53
66,53
67,53
68,53
69,53
70,53
71,53
72,53
73,53
74,53
75,53
76,53
77,53
78,53
79,53
80,53
81,53
82,53
83,53
84,53
85,53
86,53
87,53
88,53
89,53
90,53
91,53
92,53
93,53
94,53
95,53
96,53
97,53
98,53
99,53
100,53
101,53
102,53
103,53
104,53
105,53
106,53
107,53
108,53
109,53
110,53
111,53
112,53
113,53
114,53
115,53
116,53
117,53
118,53
119,53
120,53
121,53
122,53
123,53
124,53
125,53
126,53
127,53
128,53
129,53
130,53
131,53
132,53
133,53
134,53
135,53
136,53
137,53
138,53
139,53
140,53
141,53
142,53
143,53
144,53
145,53
146,53
147,53
148,53
149,53
150,53
151,53
152,53
153,53
154,53
155,53
156,53
157,53
158,53
159,53
160,53
161,53
162,53
163,53
164,53
165,53
166,53
167,53
168,53
169,53
170,53
171,53
172,53
173,53
174,53
175,53
176,53
177,53
178,53
179,53
180,53
181,53
182,53
183,53
184,53
185,53
186,53
187,53
188,53
189,53
190,53
191,53
192,53
193,53
194,53
195,53
196,53
197,53
198,53
199,53
200,53
201,53
202,53
203,53
204,53
205,53
206,53
207,53
208,53
209,53
210,53
211,53
212,53
213,53
214,53
215,53
216,53
217,53
218,53
219,53
220,53
221,53
222,53
223,53
224,53
225,53
226,53
227,53
228,53
229,53
230,53
231,53
232,53
233,53
234,53
235,53
236,53
237,53
238,53
239,53
240,53
241,53
242,53
243,53
244,53
245,53
246,53
247,53
248,53
249,53
250,53
251,53
252,53
253,53
254,53
255,53
256,53
257,53
258,53
259,53
260,53
261,53
262,53
263,53
264,53
265,53
266,53
267,53
268,53
269,53
270,53
271,53
272,53
273,53
274,53
275,53
276,53
277,53
278,53
279,53
280,53
281,53
282,53
283,53
284,53
285,53
286,53
287,53
288,53
289,53
290,53
291,53
292,53
293,53
294,53
295,53
296,53
297,53
298,53
299,53
300,53
301,53
302,53
303,53
304,53
305,53
306,53
307,53
308,53
309,53
310,53
311,53
312,53
313,53
314,53
315,53
316,53
317,53
318,53
319,53
320,53
321,53
322,53
323,53
324,53
325,53
326,53
327,53
328,53
329,53
330,53
331,53
332,53
333,53
334,53
335,53
336,53
337,53
338,53
339,53
340,53
341,53
342,53
343,53
344,53
345,53
346,53
347,53
348,53
349,53
350,53
351,53
352,53
353,53
354,53
355,53
356,53
357,53
358,53
359,53
360,53
361,53
362,53
363,53
364,53
365,53
366,53
367,53
368,53
369,53
370,53
371,53
372,53
373,53
374,53
375,53
376,53
377,53
378,53
379,53
380,53
381,53
382,53
383,53
384,53
385,53
386,53
387,53
388,53
389,53
390,53
0,52
1,52
2,52
3,52
4,52
5,52
6,52
7,52
8,52
9,52
10,52
11,52
12,52
13,52
14,52
15,52
16,52
17,52
18,52
19,52
20,52
21,52
22,52
23,52
24,52
25,52
26,52
27,52
28,52
29,52
30,52
31,52
32,52
33,52
34,52
35,52
36,52
37,52
38,52
39,52
40,52
41,52
42,52
43,52
44,52
45,52
46,52
47,52
48,52
49,52
50,52
51,52
52,52
53,52
54,52
55,52
56,52
57,52
58,52
59,52
60,52
61,52
62,52
63,52
64,52
65,52
66,52
67,52
68,52
69,52
70,52
71,52
72,52
73,52
74,52
75,52
76,52
77,52
78,52
79,52
80,52
81,52
82,52
83,52
84,52
85,52
86,52
87,52
88,52
89,52
90,52
91,52
92,52
93,52
94,52
95,52
96,52
97,52
98,52
99,52
100,52
101,52
102,52
103,52
104,52
105,52
106,52
107,52
108,52
109,52
110,52
111,52
112,52
113,52
114,52
115,52
116,52
117,52
118,52
119,52
120,52
121,52
122,52
123,52
124,52
125,52
126,52
127,52
128,52
129,52
130,52
131,52
132,52
133,52
134,52
135,52
136,52
137,52
138,52
139,52
140,52
141,52
142,52
143,52
144,52
145,52
146,52
147,52
148,52
149,52
150,52
151,52
152,52
153,52
154,52
155,52
156,52
157,52
158,52
159,52
160,52
161,52
162,52
163,52
164,52
165,52
166,52
167,52
168,52
169,52
170,52
171,52
172,52
173,52
174,52
175,52
176,52
177,52
178,52
179,52
180,52
181,52
182,52
183,52
184,52
185,52
186,52
187,52
188,52
189,52
190,52
191,52
192,52
193,52
194,52
195,52
196,52
197,52
198,52
199,52
200,52
201,52
202,52
203,52
204,52
205,52
206,52
207,52
208,52
209,52
210,52
211,52
212,52
213,52
214,52
215,52
216,52
217,52
218,52
219,52
220,52
221,52
222,52
223,52
224,52
225,52
226,52
227,52
228,52
229,52
230,52
231,52
232,52
233,52
234,52
235,52
236,52
237,52
238,52
239,52
240,52
241,52
242,52
243,52
244,52
245,52
246,52
247,52
248,52
249,52
250,52
251,52
252,52
253,52
254,52
255,52
256,52
257,52
258,52
259,52
260,52
261,52
262,52
263,52
264,52
265,52
266,52
267,52
268,52
269,52
270,52
271,52
272,52
273,52
274,52
275,52
276,52
277,52
278,52
279,52
280,52
281,52
282,52
283,52
284,52
285,52
286,52
287,52
288,52
289,52
290,52
291,52
292,52
293,52
294,52
295,52
296,52
297,52
298,52
299,52
300,52
301,52
302,52
303,52
304,52
305,52
306,52
307,52
308,52
309,52
310,52
311,52
312,52
313,52
314,52
315,52
316,52
317,52
318,52
319,52
320,52
321,52
322,52
323,52
324,52
325,52
326,52
327,52
328,52
329,52
330,52
331,52
332,52
333,52
334,52
335,52
336,52
337,52
338,52
339,52
340,52
341,52
342,52
343,52
344,52
345,52
346,52
347,52
348,52
349,52
350,52
351,52
352,52
353,52
354,52
355,52
356,52
357,52
358,52
359,52
360,52
361,52
362,52
363,52
364,52
365,52
366,52
367,52
368,52
369,52
370,52
371,52
372,52
373,52
374,52
375,52
376,52
377,52
378,52
379,52
380,52
381,52
382,52
383,52
384,52
385,52
386,52
387,52
388,52
389,52
390,52
0,51
1,51
2,51
3,51
4,51
5,51
6,51
7,51
8,51
9,51
10,51
11,51
12,51
13,51
14,51
15,51
16,51
17,51
18,51
19,51
20,51
21,51
22,51
23,51
24,51
25,51
26,51
27,51
28,51
29,51
30,51
31,51
32,51
33,51
34,51
35,51
36,51
37,51
38,51
39,51
40,51
41,51
42,51
43,51
44,51
45,51
46,51
47,51
48,51
49,51
50,51
51,51
52,51
53,51
54,51
55,51
56,51
57,51
58,51
59,51
60,51
61,51
62,51
63,51
64,51
65,51
66,51
67,51
68,51
69,51
70,51
71,51
72,51
73,51
74,51
75,51
76,51
77,51
78,51
79,51
80,51
81,51
82,51
83,51
84,51
85,51
86,51
87,51
88,51
89,51
90,51
91,51
92,51
93,51
94,51
95,51
96,51
97,51
98,51
99,51
100,51
101,51
102,51
103,51
104,51
105,51
106,51
107,51
108,51
109,51
110,51
111,51
112,51
113,51
114,51
115,51
116,51
117,51
118,51
119,51
120,51
121,51
122,51
123,51
124,51
125,51
126,51
127,51
128,51
129,51
130,51
131,51
132,51
133,51
134,51
135,51
136,51
137,51
138,51
139,51
140,51
141,51
142,51
143,51
144,51
145,51
146,51
147,51
148,51
149,51
150,51
151,51
152,51
153,51
154,51
155,51
156,51
157,51
158,51
159,51
160,51
161,51
162,51
163,51
164,51
165,51
166,51
167,51
168,51
169,51
170,51
171,51
172,51
173,51
174,51
175,51
176,51
177,51
178,51
179,51
180,51
181,51
182,51
183,51
184,51
185,51
186,51
187,51
188,51
189,51
190,51
191,51
192,51
193,51
194,51
195,51
196,51
197,51
198,51
199,51
200,51
201,51
202,51
203,51
204,51
205,51
206,51
207,51
208,51
209,51
210,51
211,51
212,51
213,51
214,51
215,51
216,51
217,51
218,51
219,51
220,51
221,51
222,51
223,51
224,51
225,51
226,51
227,51
228,51
229,51
230,51
231,51
232,51
233,51
234,51
235,51
236,51
237,51
238,51
239,51
240,51
241,51
242,51
243,51
244,51
245,51
246,51
247,51
248,51
249,51
250,51
251,51
252,51
253,51
254,51
255,51
256,51
257,51
258,51
259,51
260,51
261,51
262,51
263,51
264,51
265,51
266,51
267,51
268,51
269,51
270,51
271,51
272,51
273,51
274,51
275,51
276,51
277,51
278,51
279,51
280,51
281,51
282,51
283,51
284,51
285,51
286,51
287,51
288,51
289,51
290,51
291,51
292,51
293,51
294,51
295,51
296,51
297,51
298,51
299,51
300,51
301,51
302,51
303,51
304,51
305,51
306,51
307,51
308,51
309,51
310,51
311,51
312,51
313,51
314,51
315,51
316,51
317,51
318,51
319,51
320,51
321,51
322,51
323,51
324,51
325,51
326,51
327,51
328,51
329,51
330,51
331,51
332,51
333,51
334,51
335,51
336,51
337,51
338,51
339,51
340,51
341,51
342,51
343,51
344,51
345,51
346,51
347,51
348,51
349,51
350,51
351,51
352,51
353,51
354,51
355,51
356,51
357,51
358,51
359,51
360,51
361,51
362,51
363,51
364,51
365,51
366,51
367,51
368,51
369,51
370,51
371,51
372,51
373,51
374,51
375,51
376,51
377,51
378,51
379,51
380,51
381,51
382,51
383,51
384,51
385,51
386,51
387,51
388,51
389,51
390,51
0,50
1,50
2,50
3,50
4,50
5,50
6,50
7,50
8,50
9,50
10,50
11,50
12,50
13,50
14,50
15,50
16,50
17,50
18,50
19,50
20,50
21,50
22,50
23,50
24,50
25,50
26,50
27,50
28,50
29,50
30,50
31,50
32,50
33,50
34,50
35,50
36,50
37,50
38,50
39,50
40,50
41,50
42,50
43,50
44,50
45,50
46,50
47,50
48,50
49,50
50,50
51,50
52,50
53,50
54,50
55,50
56,50
57,50
58,50
59,50
60,50
61,50
62,50
63,50
64,50
65,50
66,50
67,50
68,50
69,50
70,50
71,50
72,50
73,50
74,50
75,50
76,50
77,50
78,50
79,50
80,50
81,50
82,50
83,50
84,50
85,50
86,50
87,50
88,50
89,50
90,50
91,50
92,50
93,50
94,50
95,50
96,50
97,50
98,50
99,50
100,50
101,50
102,50
103,50
104,50
105,50
106,50
107,50
108,50
109,50
110,50
111,50
112,50
113,50
114,50
115,50
116,50
117,50
118,50
119,50
120,50
121,50
122,50
123,50
124,50
125,50
126,50
127,50
128,50
129,50
130,50
131,50
132,50
133,50
134,50
135,50
136,50
137,50
138,50
139,50
140,50
141,50
142,50
143,50
144,50
145,50
146,50
147,50
148,50
149,50
150,50
151,50
152,50
153,50
154,50
155,50
156,50
157,50
158,50
159,50
160,50
161,50
162,50
163,50
164,50
165,50
166,50
167,50
168,50
169,50
170,50
171,50
172,50
173,50
174,50
175,50
176,50
177,50
178,50
179,50
180,50
181,50
182,50
183,50
184,50
185,50
186,50
187,50
188,50
189,50
190,50
191,50
192,50
193,50
194,50
195,50
196,50
197,50
198,50
199,50
200,50
201,50
202,50
203,50
204,50
205,50
206,50
207,50
208,50
209,50
210,50
211,50
212,50
213,50
214,50
215,50
216,50
217,50
218,50
219,50
220,50
221,50
222,50
223,50
224,50
225,50
226,50
227,50
228,50
229,50
230,50
231,50
232,50
233,50
234,50
235,50
236,50
237,50
238,50
239,50
240,50
241,50
242,50
243,50
244,50
245,50
246,50
247,50
248,50
249,50
250,50
251,50
252,50
253,50
254,50
255,50
256,50
257,50
258,50
259,50
260,50
261,50
262,50
263,50
264,50
265,50
266,50
267,50
268,50
269,50
270,50
271,50
272,50
273,50
274,50
275,50
276,50
277,50
278,50
279,50
280,50
281,50
282,50
283,50
284,50
285,50
286,50
287,50
288,50
289,50
290,50
291,50
292,50
293,50
294,50
295,50
296,50
297,50
298,50
299,50
300,50
301,50
302,50
303,50
304,50
305,50
306,50
307,50
308,50
309,50
310,50
311,50
312,50
313,50
314,50
315,50
316,50
317,50
318,50
319,50
320,50
321,50
322,50
323,50
324,50
325,50
326,50
327,50
328,50
329,50
330,50
331,50
332,50
333,50
334,50
335,50
336,50
337,50
338,50
339,50
340,50
341,50
342,50
343,50
344,50
345,50
346,50
347,50
348,50
349,50
350,50
351,50
352,50
353,50
354,50
355,50
356,50
357,50
358,50
359,50
360,50
361,50
362,50
363,50
364,50
365,50
366,50
367,50
368,50
369,50
370,50
371,50
372,50
373,50
374,50
375,50
376,50
377,50
378,50
379,50
380,50
381,50
382,50
383,50
384,50
385,50
386,50
387,50
388,50
389,50
390,50
0,49
1,49
2,49
3,49
4,49
5,49
6,49
7,49
8,49
9,49
10,49
11,49
12,49
13,49
14,49
15,49
16,49
17,49
18,49
19,49
20,49
21,49
22,49
23,49
24,49
25,49
26,49
27,49
28,49
29,49
30,49
31,49
32,49
33,49
34,49
35,49
36,49
37,49
38,49
39,49
40,49
41,49
42,49
43,49
44,49
45,49
46,49
47,49
48,49
49,49
50,49
51,49
52,49
53,49
54,49
55,49
56,49
57,49
58,49
59,49
60,49
61,49
62,49
63,49
64,49
65,49
66,49
67,49
68,49
69,49
70,49
71,49
72,49
73,49
74,49
75,49
76,49
77,49
78,49
79,49
80,49
81,49
82,49
83,49
84,49
85,49
86,49
87,49
88,49
89,49
90,49
91,49
92,49
93,49
94,49
95,49
96,49
97,49
98,49
99,49
100,49
101,49
102,49
103,49
104,49
105,49
106,49
107,49
108,49
109,49
110,49
111,49
112,49
113,49
114,49
115,49
116,49
117,49
118,49
119,49
120,49
121,49
122,49
123,49
124,49
125,49
126,49
127,49
128,49
129,49
130,49
131,49
132,49
133,49
134,49
135,49
136,49
137,49
138,49
139,49
140,49
141,49
142,49
143,49
144,49
145,49
146,49
147,49
148,49
149,49
150,49
151,49
152,49
153,49
154,49
155,49
156,49
157,49
158,49
159,49
160,49
161,49
162,49
163,49
164,49
165,49
166,49
167,49
168,49
169,49
170,49
171,49
172,49
173,49
174,49
175,49
176,49
177,49
178,49
179,49
180,49
181,49
182,49
183,49
184,49
185,49
186,49
187,49
188,49
189,49
190,49
191,49
192,49
193,49
194,49
195,49
196,49
197,49
198,49
199,49
200,49
201,49
202,49
203,49
204,49
205,49
206,49
207,49
208,49
209,49
210,49
211,49
212,49
213,49
214,49
215,49
216,49
217,49
218,49
219,49
220,49
221,49
222,49
223,49
224,49
225,49
226,49
227,49
228,49
229,49
230,49
231,49
232,49
233,49
234,49
235,49
236,49
237,49
238,49
239,49
240,49
241,49
242,49
243,49
244,49
245,49
246,49
247,49
248,49
249,49
250,49
251,49
252,49
253,49
254,49
255,49
256,49
257,49
258,49
259,49
260,49
261,49
262,49
263,49
264,49
265,49
266,49
267,49
268,49
269,49
270,49
271,49
272,49
273,49
274,49
275,49
276,49
277,49
278,49
279,49
280,49
281,49
282,49
283,49
284,49
285,49
286,49
287,49
288,49
289,49
290,49
291,49
292,49
293,49
294,49
295,49
296,49
297,49
298,49
299,49
300,49
301,49
302,49
303,49
304,49
305,49
306,49
307,49
308,49
309,49
310,49
311,49
312,49
313,49
314,49
315,49
316,49
317,49
318,49
319,49
320,49
321,49
322,49
323,49
324,49
325,49
326,49
327,49
328,49
329,49
330,49
331,49
332,49
333,49
334,49
335,49
336,49
337,49
338,49
339,49
340,49
341,49
342,49
343,49
344,49
345,49
346,49
347,49
348,49
349,49
350,49
351,49
352,49
353,49
354,49
355,49
356,49
357,49
358,49
359,49
360,49
361,49
362,49
363,49
364,49
365,49
366,49
367,49
368,49
369,49
370,49
371,49
372,49
373,49
374,49
375,49
376,49
377,49
378,49
379,49
380,49
381,49
382,49
383,49
384,49
385,49
386,49
387,49
388,49
389,49
390,49
0,48
1,48
2,48
3,48
4,48
5,48
6,48
7,48
8,48
9,48
10,48
11,48
12,48
13,48
14,48
15,48
16,48
17,48
18,48
19,48
20,48
21,48
22,48
23,48
24,48
25,48
26,48
27,48
28,48
29,48
30,48
31,48
32,48
33,48
34,48
35,48
36,48
37,48
38,48
39,48
40,48
41,48
42,48
43,48
44,48
45,48
46,48
47,48
48,48
49,48
50,48
51,48
52,48
53,48
54,48
55,48
56,48
57,48
58,48
59,48
60,48
61,48
62,48
63,48
64,48
65,48
66,48
67,48
68,48
69,48
70,48
71,48
72,48
73,48
74,48
75,48
76,48
77,48
78,48
79,48
80,48
81,48
82,48
83,48
84,48
85,48
86,48
87,48
88,48
89,48
90,48
91,48
92,48
93,48
94,48
95,48
96,48
97,48
98,48
99,48
100,48
101,48
102,48
103,48
104,48
105,48
106,48
107,48
108,48
109,48
110,48
111,48
112,48
113,48
114,48
115,48
116,48
117,48
118,48
119,48
120,48
121,48
122,48
123,48
124,48
125,48
126,48
127,48
128,48
129,48
130,48
131,48
132,48
133,48
134,48
135,48
136,48
137,48
138,48
139,48
140,48
141,48
142,48
143,48
144,48
145,48
146,48
147,48
148,48
149,48
150,48
151,48
152,48
153,48
154,48
155,48
156,48
157,48
158,48
159,48
160,48
161,48
162,48
163,48
164,48
165,48
166,48
167,48
168,48
169,48
170,48
171,48
172,48
173,48
174,48
175,48
176,48
177,48
178,48
179,48
180,48
181,48
182,48
183,48
184,48
185,48
186,48
187,48
188,48
189,48
190,48
191,48
192,48
193,48
194,48
195,48
196,48
197,48
198,48
199,48
200,48
201,48
202,48
203,48
204,48
205,48
206,48
207,48
208,48
209,48
210,48
211,48
212,48
213,48
214,48
215,48
216,48
217,48
218,48
219,48
220,48
221,48
222,48
223,48
224,48
225,48
226,48
227,48
228,48
229,48
230,48
231,48
232,48
233,48
234,48
235,48
236,48
237,48
238,48
239,48
240,48
241,48
242,48
243,48
244,48
245,48
246,48
247,48
248,48
249,48
250,48
251,48
252,48
253,48
254,48
255,48
256,48
257,48
258,48
259,48
260,48
261,48
262,48
263,48
264,48
265,48
266,48
267,48
268,48
269,48
270,48
271,48
272,48
273,48
274,48
275,48
276,48
277,48
278,48
279,48
280,48
281,48
282,48
283,48
284,48
285,48
286,48
287,48
288,48
289,48
290,48
291,48
292,48
293,48
294,48
295,48
296,48
297,48
298,48
299,48
300,48
301,48
302,48
303,48
304,48
305,48
306,48
307,48
308,48
309,48
310,48
311,48
312,48
313,48
314,48
315,48
316,48
317,48
318,48
319,48
320,48
321,48
322,48
323,48
324,48
325,48
326,48
327,48
328,48
329,48
330,48
331,48
332,48
333,48
334,48
335,48
336,48
337,48
338,48
339,48
340,48
341,48
342,48
343,48
344,48
345,48
346,48
347,48
348,48
349,48
350,48
351,48
352,48
353,48
354,48
355,48
356,48
357,48
358,48
359,48
360,48
361,48
362,48
363,48
364,48
365,48
366,48
367,48
368,48
369,48
370,48
371,48
372,48
373,48
374,48
375,48
376,48
377,48
378,48
379,48
380,48
381,48
382,48
383,48
384,48
385,48
386,48
387,48
388,48
389,48
390,48
0,47
1,47
2,47
3,47
4,47
5,47
6,47
7,47
8,47
9,47
10,47
11,47
12,47
13,47
14,47
15,47
16,47
17,47
18,47
19,47
20,47
21,47
22,47
23,47
24,47
25,47
26,47
27,47
28,47
29,47
30,47
31,47
32,47
33,47
34,47
35,47
36,47
37,47
38,47
39,47
40,47
41,47
42,47
43,47
44,47
45,47
46,47
47,47
48,47
49,47
50,47
51,47
52,47
53,47
54,47
55,47
56,47
57,47
58,47
59,47
60,47
61,47
62,47
63,47
64,47
65,47
66,47
67,47
68,47
69,47
70,47
71,47
72,47
73,47
74,47
75,47
76,47
77,47
78,47
79,47
80,47
81,47
82,47
83,47
84,47
85,47
86,47
87,47
88,47
89,47
90,47
91,47
92,47
93,47
94,47
95,47
96,47
97,47
98,47
99,47
100,47
101,47
102,47
103,47
104,47
105,47
106,47
107,47
108,47
109,47
110,47
111,47
112,47
113,47
114,47
115,47
116,47
117,47
118,47
119,47
120,47
121,47
122,47
123,47
124,47
125,47
126,47
127,47
128,47
129,47
130,47
131,47
132,47
133,47
134,47
135,47
136,47
137,47
138,47
139,47
140,47
141,47
142,47
143,47
144,47
145,47
146,47
147,47
148,47
149,47
150,47
151,47
152,47
153,47
154,47
155,47
156,47
157,47
158,47
159,47
160,47
161,47
162,47
163,47
164,47
165,47
166,47
167,47
168,47
169,47
170,47
171,47
172,47
173,47
174,47
175,47
176,47
177,47
178,47
179,47
180,47
181,47
182,47
183,47
184,47
185,47
186,47
187,47
188,47
189,47
190,47
191,47
192,47
193,47
194,47
195,47
196,47
197,47
198,47
199,47
200,47
201,47
202,47
203,47
204,47
205,47
206,47
207,47
208,47
209,47
210,47
211,47
212,47
213,47
214,47
215,47
216,47
217,47
218,47
219,47
220,47
221,47
222,47
223,47
224,47
225,47
226,47
227,47
228,47
229,47
230,47
231,47
232,47
233,47
234,47
235,47
236,47
237,47
238,47
239,47
240,47
241,47
242,47
243,47
244,47
245,47
246,47
247,47
248,47
249,47
250,47
251,47
252,47
253,47
254,47
255,47
256,47
257,47
258,47
259,47
260,47
261,47
262,47
263,47
264,47
265,47
266,47
267,47
268,47
269,47
270,47
271,47
272,47
273,47
274,47
275,47
276,47
277,47
278,47
279,47
280,47
281,47
282,47
283,47
284,47
285,47
286,47
287,47
288,47
289,47
290,47
291,47
292,47
293,47
294,47
295,47
296,47
297,47
298,47
299,47
300,47
301,47
302,47
303,47
304,47
305,47
306,47
307,47
308,47
309,47
310,47
311,47
312,47
313,47
314,47
315,47
316,47
317,47
318,47
319,47
320,47
321,47
322,47
323,47
324,47
325,47
326,47
327,47
328,47
329,47
330,47
331,47
332,47
333,47
334,47
335,47
336,47
337,47
338,47
339,47
340,47
341,47
342,47
343,47
344,47
345,47
346,47
347,47
348,47
349,47
350,47
351,47
352,47
353,47
354,47
355,47
356,47
357,47
358,47
359,47
360,47
361,47
362,47
363,47
364,47
365,47
366,47
367,47
368,47
369,47
370,47
371,47
372,47
373,47
374,47
375,47
376,47
377,47
378,47
379,47
380,47
381,47
382,47
383,47
384,47
385,47
386,47
387,47
388,47
389,47
390,47
0,46
1,46
2,46
3,46
4,46
5,46
6,46
7,46
8,46
9,46
10,46
11,46
12,46
13,46
14,46
15,46
16,46
17,46
18,46
19,46
20,46
21,46
22,46
23,46
24,46
25,46
26,46
27,46
28,46
29,46
30,46
31,46
32,46
33,46
34,46
35,46
36,46
37,46
38,46
39,46
40,46
41,46
42,46
43,46
44,46
45,46
46,46
47,46
48,46
49,46
50,46
51,46
52,46
53,46
54,46
55,46
56,46
57,46
58,46
59,46
60,46
61,46
62,46
63,46
64,46
65,46
66,46
67,46
68,46
69,46
70,46
71,46
72,46
73,46
74,46
75,46
76,46
77,46
78,46
79,46
80,46
81,46
82,46
83,46
84,46
85,46
86,46
87,46
88,46
89,46
90,46
91,46
92,46
93,46
94,46
95,46
96,46
97,46
98,46
99,46
100,46
101,46
102,46
103,46
104,46
105,46
106,46
107,46
108,46
109,46
110,46
111,46
112,46
113,46
114,46
115,46
116,46
117,46
118,46
119,46
120,46
121,46
122,46
123,46
124,46
125,46
126,46
127,46
128,46
129,46
130,46
131,46
132,46
133,46
134,46
135,46
136,46
137,46
138,46
139,46
140,46
141,46
142,46
143,46
144,46
145,46
146,46
147,46
148,46
149,46
150,46
151,46
152,46
153,46
154,46
155,46
156,46
157,46
158,46
159,46
160,46
161,46
162,46
163,46
164,46
165,46
166,46
167,46
168,46
169,46
170,46
171,46
172,46
173,46
174,46
175,46
176,46
177,46
178,46
179,46
180,46
181,46
182,46
183,46
184,46
185,46
186,46
187,46
188,46
189,46
190,46
191,46
192,46
193,46
194,46
195,46
196,46
197,46
198,46
199,46
200,46
201,46
202,46
203,46
204,46
205,46
206,46
207,46
208,46
209,46
210,46
211,46
212,46
213,46
214,46
215,46
216,46
217,46
218,46
219,46
220,46
221,46
222,46
223,46
224,46
225,46
226,46
227,46
228,46
229,46
230,46
231,46
232,46
233,46
234,46
235,46
236,46
237,46
238,46
239,46
240,46
241,46
242,46
243,46
244,46
245,46
246,46
247,46
248,46
249,46
250,46
251,46
252,46
253,46
254,46
255,46
256,46
257,46
258,46
259,46
260,46
261,46
262,46
263,46
264,46
265,46
266,46
267,46
268,46
269,46
270,46
271,46
272,46
273,46
274,46
275,46
276,46
277,46
278,46
279,46
280,46
281,46
282,46
283,46
284,46
285,46
286,46
287,46
288,46
289,46
290,46
291,46
292,46
293,46
294,46
295,46
296,46
297,46
298,46
299,46
300,46
301,46
302,46
303,46
304,46
305,46
306,46
307,46
308,46
309,46
310,46
311,46
312,46
313,46
314,46
315,46
316,46
317,46
318,46
319,46
320,46
321,46
322,46
323,46
324,46
325,46
326,46
327,46
328,46
329,46
330,46
331,46
332,46
333,46
334,46
335,46
336,46
337,46
338,46
339,46
340,46
341,46
342,46
343,46
344,46
345,46
346,46
347,46
348,46
349,46
350,46
351,46
352,46
353,46
354,46
355,46
356,46
357,46
358,46
359,46
360,46
361,46
362,46
363,46
364,46
365,46
366,46
367,46
368,46
369,46
370,46
371,46
372,46
373,46
374,46
375,46
376,46
377,46
378,46
379,46
380,46
381,46
382,46
383,46
384,46
385,46
386,46
387,46
388,46
389,46
390,46
0,45
1,45
2,45
3,45
4,45
5,45
6,45
7,45
8,45
9,45
10,45
11,45
12,45
13,45
14,45
15,45
16,45
17,45
18,45
19,45
20,45
21,45
22,45
23,45
24,45
25,45
26,45
27,45
28,45
29,45
30,45
31,45
32,45
33,45
34,45
35,45
36,45
37,45
38,45
39,45
40,45
41,45
42,45
43,45
44,45
45,45
46,45
47,45
48,45
49,45
50,45
51,45
52,45
53,45
54,45
55,45
56,45
57,45
58,45
59,45
60,45
61,45
62,45
63,45
64,45
65,45
66,45
67,45
68,45
69,45
70,45
71,45
72,45
73,45
74,45
75,45
76,45
77,45
78,45
79,45
80,45
81,45
82,45
83,45
84,45
85,45
86,45
87,45
88,45
89,45
90,45
91,45
92,45
93,45
94,45
95,45
96,45
97,45
98,45
99,45
100,45
101,45
102,45
103,45
104,45
105,45
106,45
107,45
108,45
109,45
110,45
111,45
112,45
113,45
114,45
115,45
116,45
117,45
118,45
119,45
120,45
121,45
122,45
123,45
124,45
125,45
126,45
127,45
128,45
129,45
130,45
131,45
132,45
133,45
134,45
135,45
136,45
137,45
138,45
139,45
140,45
141,45
142,45
143,45
144,45
145,45
146,45
147,45
148,45
149,45
150,45
151,45
152,45
153,45
154,45
155,45
156,45
157,45
158,45
159,45
160,45
161,45
162,45
163,45
164,45
165,45
166,45
167,45
168,45
169,45
170,45
171,45
172,45
173,45
174,45
175,45
176,45
177,45
178,45
179,45
180,45
181,45
182,45
183,45
184,45
185,45
186,45
187,45
188,45
189,45
190,45
191,45
192,45
193,45
194,45
195,45
196,45
197,45
198,45
199,45
200,45
201,45
202,45
203,45
204,45
205,45
206,45
207,45
208,45
209,45
210,45
211,45
212,45
213,45
214,45
215,45
216,45
217,45
218,45
219,45
220,45
221,45
222,45
223,45
224,45
225,45
226,45
227,45
228,45
229,45
230,45
231,45
232,45
233,45
234,45
235,45
236,45
237,45
238,45
239,45
240,45
241,45
242,45
243,45
244,45
245,45
246,45
247,45
248,45
249,45
250,45
251,45
252,45
253,45
254,45
255,45
256,45
257,45
258,45
259,45
260,45
261,45
262,45
263,45
264,45
265,45
266,45
267,45
268,45
269,45
270,45
271,45
272,45
273,45
274,45
275,45
276,45
277,45
278,45
279,45
280,45
281,45
282,45
283,45
284,45
285,45
286,45
287,45
288,45
289,45
290,45
291,45
292,45
293,45
294,45
295,45
296,45
297,45
298,45
299,45
300,45
301,45
302,45
303,45
304,45
305,45
306,45
307,45
308,45
309,45
310,45
311,45
312,45
313,45
314,45
315,45
316,45
317,45
318,45
319,45
320,45
321,45
322,45
323,45
324,45
325,45
326,45
327,45
328,45
329,45
330,45
331,45
332,45
333,45
334,45
335,45
336,45
337,45
338,45
339,45
340,45
341,45
342,45
343,45
344,45
345,45
346,45
347,45
348,45
349,45
350,45
351,45
352,45
353,45
354,45
355,45
356,45
357,45
358,45
359,45
360,45
361,45
362,45
363,45
364,45
365,45
366,45
367,45
368,45
369,45
370,45
371,45
372,45
373,45
374,45
375,45
376,45
377,45
378,45
379,45
380,45
381,45
382,45
383,45
384,45
385,45
386,45
387,45
388,45
389,45
390,45
0,44
1,44
2,44
3,44
4,44
5,44
6,44
7,44
8,44
9,44
10,44
11,44
12,44
13,44
14,44
15,44
16,44
17,44
18,44
19,44
20,44
21,44
22,44
23,44
24,44
25,44
26,44
27,44
28,44
29,44
30,44
31,44
32,44
33,44
34,44
35,44
36,44
37,44
38,44
39,44
40,44
41,44
42,44
43,44
44,44
45,44
46,44
47,44
48,44
49,44
50,44
51,44
52,44
53,44
54,44
55,44
56,44
57,44
58,44
59,44
60,44
61,44
62,44
63,44
64,44
65,44
66,44
67,44
68,44
69,44
70,44
71,44
72,44
73,44
74,44
75,44
76,44
77,44
78,44
79,44
80,44
81,44
82,44
83,44
84,44
85,44
86,44
87,44
88,44
89,44
90,44
91,44
92,44
93,44
94,44
95,44
96,44
97,44
98,44
99,44
100,44
101,44
102,44
103,44
104,44
105,44
106,44
107,44
108,44
109,44
110,44
111,44
112,44
113,44
114,44
115,44
116,44
117,44
118,44
119,44
120,44
121,44
122,44
123,44
124,44
125,44
126,44
127,44
128,44
129,44
130,44
131,44
132,44
133,44
134,44
135,44
136,44
137,44
138,44
139,44
140,44
141,44
142,44
143,44
144,44
145,44
146,44
147,44
148,44
149,44
150,44
151,44
152,44
153,44
154,44
155,44
156,44
157,44
158,44
159,44
160,44
161,44
162,44
163,44
164,44
165,44
166,44
167,44
168,44
169,44
170,44
171,44
172,44
173,44
174,44
175,44
176,44
177,44
178,44
179,44
180,44
181,44
182,44
183,44
184,44
185,44
186,44
187,44
188,44
189,44
190,44
191,44
192,44
193,44
194,44
195,44
196,44
197,44
198,44
199,44
200,44
201,44
202,44
203,44
204,44
205,44
206,44
207,44
208,44
209,44
210,44
211,44
212,44
213,44
214,44
215,44
216,44
217,44
218,44
219,44
220,44
221,44
222,44
223,44
224,44
225,44
226,44
227,44
228,44
229,44
230,44
231,44
232,44
233,44
234,44
235,44
236,44
237,44
238,44
239,44
240,44
241,44
242,44
243,44
244,44
245,44
246,44
247,44
248,44
249,44
250,44
251,44
252,44
253,44
254,44
255,44
256,44
257,44
258,44
259,44
260,44
261,44
262,44
263,44
264,44
265,44
266,44
267,44
268,44
269,44
270,44
271,44
272,44
273,44
274,44
275,44
276,44
277,44
278,44
279,44
280,44
281,44
282,44
283,44
284,44
285,44
286,44
287,44
288,44
289,44
290,44
291,44
292,44
293,44
294,44
295,44
296,44
297,44
298,44
299,44
300,44
301,44
302,44
303,44
304,44
305,44
306,44
307,44
308,44
309,44
310,44
311,44
312,44
313,44
314,44
315,44
316,44
317,44
318,44
319,44
320,44
321,44
322,44
323,44
324,44
325,44
326,44
327,44
328,44
329,44
330,44
331,44
332,44
333,44
334,44
335,44
336,44
337,44
338,44
339,44
340,44
341,44
342,44
343,44
344,44
345,44
346,44
347,44
348,44
349,44
350,44
351,44
352,44
353,44
354,44
355,44
356,44
357,44
358,44
359,44
360,44
361,44
362,44
363,44
364,44
365,44
366,44
367,44
368,44
369,44
370,44
371,44
372,44
373,44
374,44
375,44
376,44
377,44
378,44
379,44
380,44
381,44
382,44
383,44
384,44
385,44
386,44
387,44
388,44
389,44
390,44
0,43
1,43
2,43
3,43
4,43
5,43
6,43
7,43
8,43
9,43
10,43
11,43
12,43
13,43
14,43
15,43
16,43
17,43
18,43
19,43
20,43
21,43
22,43
23,43
24,43
25,43
26,43
27,43
28,43
29,43
30,43
31,43
32,43
33,43
34,43
35,43
36,43
37,43
38,43
39,43
40,43
41,43
42,43
43,43
44,43
45,43
46,43
47,43
48,43
49,43
50,43
51,43
52,43
53,43
54,43
55,43
56,43
57,43
58,43
59,43
60,43
61,43
62,43
63,43
64,43
65,43
66,43
67,43
68,43
69,43
70,43
71,43
72,43
73,43
74,43
75,43
76,43
77,43
78,43
79,43
80,43
81,43
82,43
83,43
84,43
85,43
86,43
87,43
88,43
89,43
90,43
91,43
92,43
93,43
94,43
95,43
96,43
97,43
98,43
99,43
100,43
101,43
102,43
103,43
104,43
105,43
106,43
107,43
108,43
109,43
110,43
111,43
112,43
113,43
114,43
115,43
116,43
117,43
118,43
119,43
120,43
121,43
122,43
123,43
124,43
125,43
126,43
127,43
128,43
129,43
130,43
131,43
132,43
133,43
134,43
135,43
136,43
137,43
138,43
139,43
140,43
141,43
142,43
143,43
144,43
145,43
146,43
147,43
148,43
149,43
150,43
151,43
152,43
153,43
154,43
155,43
156,43
157,43
158,43
159,43
160,43
161,43
162,43
163,43
164,43
165,43
166,43
167,43
168,43
169,43
170,43
171,43
172,43
173,43
174,43
175,43
176,43
177,43
178,43
179,43
180,43
181,43
182,43
183,43
184,43
185,43
186,43
187,43
188,43
189,43
190,43
191,43
192,43
193,43
194,43
195,43
196,43
197,43
198,43
199,43
200,43
201,43
202,43
203,43
204,43
205,43
206,43
207,43
208,43
209,43
210,43
211,43
212,43
213,43
214,43
215,43
216,43
217,43
218,43
219,43
220,43
221,43
222,43
223,43
224,43
225,43
226,43
227,43
228,43
229,43
230,43
231,43
232,43
233,43
234,43
235,43
236,43
237,43
238,43
239,43
240,43
241,43
242,43
243,43
244,43
245,43
246,43
247,43
248,43
249,43
250,43
251,43
252,43
253,43
254,43
255,43
256,43
257,43
258,43
259,43
260,43
261,43
262,43
263,43
264,43
265,43
266,43
267,43
268,43
269,43
270,43
271,43
272,43
273,43
274,43
275,43
276,43
277,43
278,43
279,43
280,43
281,43
282,43
283,43
284,43
285,43
286,43
287,43
288,43
289,43
290,43
291,43
292,43
293,43
294,43
295,43
296,43
297,43
298,43
299,43
300,43
301,43
302,43
303,43
304,43
305,43
306,43
307,43
308,43
309,43
310,43
311,43
312,43
313,43
314,43
315,43
316,43
317,43
318,43
319,43
320,43
321,43
322,43
323,43
324,43
325,43
326,43
327,43
328,43
329,43
330,43
331,43
332,43
333,43
334,43
335,43
336,43
337,43
338,43
339,43
340,43
341,43
342,43
343,43
344,43
345,43
346,43
347,43
348,43
349,43
350,43
351,43
352,43
353,43
354,43
355,43
356,43
357,43
358,43
359,43
360,43
361,43
362,43
363,43
364,43
365,43
366,43
367,43
368,43
369,43
370,43
371,43
372,43
373,43
374,43
375,43
376,43
377,43
378,43
379,43
380,43
381,43
382,43
383,43
384,43
385,43
386,43
387,43
388,43
389,43
390,43
0,42
1,42
2,42
3,42
4,42
5,42
6,42
7,42
8,42
9,42
10,42
11,42
12,42
13,42
14,42
15,42
16,42
17,42
18,42
19,42
20,42
21,42
22,42
23,42
24,42
25,42
26,42
27,42
28,42
29,42
30,42
31,42
32,42
33,42
34,42
35,42
36,42
37,42
38,42
39,42
40,42
41,42
42,42
43,42
44,42
45,42
46,42
47,42
48,42
49,42
50,42
51,42
52,42
53,42
54,42
55,42
56,42
57,42
58,42
59,42
60,42
61,42
62,42
63,42
64,42
65,42
66,42
67,42
68,42
69,42
70,42
71,42
72,42
73,42
74,42
75,42
76,42
77,42
78,42
79,42
80,42
81,42
82,42
83,42
84,42
85,42
86,42
87,42
88,42
89,42
90,42
91,42
92,42
93,42
94,42
95,42
96,42
97,42
98,42
99,42
100,42
101,42
102,42
103,42
104,42
105,42
106,42
107,42
108,42
109,42
110,42
111,42
112,42
113,42
114,42
115,42
116,42
117,42
118,42
119,42
120,42
121,42
122,42
123,42
124,42
125,42
126,42
127,42
128,42
129,42
130,42
131,42
132,42
133,42
134,42
135,42
136,42
137,42
138,42
139,42
140,42
141,42
142,42
143,42
144,42
145,42
146,42
147,42
148,42
149,42
150,42
151,42
152,42
153,42
154,42
155,42
156,42
157,42
158,42
159,42
160,42
161,42
162,42
163,42
164,42
165,42
166,42
167,42
168,42
169,42
170,42
171,42
172,42
173,42
174,42
175,42
176,42
177,42
178,42
179,42
180,42
181,42
182,42
183,42
184,42
185,42
186,42
187,42
188,42
189,42
190,42
191,42
192,42
193,42
194,42
195,42
196,42
197,42
198,42
199,42
200,42
201,42
202,42
203,42
204,42
205,42
206,42
207,42
208,42
209,42
210,42
211,42
212,42
213,42
214,42
215,42
216,42
217,42
218,42
219,42
220,42
221,42
222,42
223,42
224,42
225,42
226,42
227,42
228,42
229,42
230,42
231,42
232,42
233,42
234,42
235,42
236,42
237,42
238,42
239,42
240,42
241,42
242,42
243,42
244,42
245,42
246,42
247,42
248,42
249,42
250,42
251,42
252,42
253,42
254,42
255,42
256,42
257,42
258,42
259,42
260,42
261,42
262,42
263,42
264,42
265,42
266,42
267,42
268,42
269,42
270,42
271,42
272,42
273,42
274,42
275,42
276,42
277,42
278,42
279,42
280,42
281,42
282,42
283,42
284,42
285,42
286,42
287,42
288,42
289,42
290,42
291,42
292,42
293,42
294,42
295,42
296,42
297,42
298,42
299,42
300,42
301,42
302,42
303,42
304,42
305,42
306,42
307,42
308,42
309,42
310,42
311,42
312,42
313,42
314,42
315,42
316,42
317,42
318,42
319,42
320,42
321,42
322,42
323,42
324,42
325,42
326,42
327,42
328,42
329,42
330,42
331,42
332,42
333,42
334,42
335,42
336,42
337,42
338,42
339,42
340,42
341,42
342,42
343,42
344,42
345,42
346,42
347,42
348,42
349,42
350,42
351,42
352,42
353,42
354,42
355,42
356,42
357,42
358,42
359,42
360,42
361,42
362,42
363,42
364,42
365,42
366,42
367,42
368,42
369,42
370,42
371,42
372,42
373,42
374,42
375,42
376,42
377,42
378,42
379,42
380,42
381,42
382,42
383,42
384,42
385,42
386,42
387,42
388,42
389,42
390,42
0,41
1,41
2,41
3,41
4,41
5,41
6,41
7,41
8,41
9,41
10,41
11,41
12,41
13,41
14,41
15,41
16,41
17,41
18,41
19,41
20,41
21,41
22,41
23,41
24,41
25,41
26,41
27,41
28,41
29,41
30,41
31,41
32,41
33,41
34,41
35,41
36,41
37,41
38,41
39,41
40,41
41,41
42,41
43,41
44,41
45,41
46,41
47,41
48,41
49,41
50,41
51,41
52,41
53,41
54,41
55,41
56,41
57,41
58,41
59,41
60,41
61,41
62,41
63,41
64,41
65,41
66,41
67,41
68,41
69,41
70,41
71,41
72,41
73,41
74,41
75,41
76,41
77,41
78,41
79,41
80,41
81,41
82,41
83,41
84,41
85,41
86,41
87,41
88,41
89,41
90,41
91,41
92,41
93,41
94,41
95,41
96,41
97,41
98,41
99,41
100,41
101,41
102,41
103,41
104,41
105,41
106,41
107,41
108,41
109,41
110,41
111,41
112,41
113,41
114,41
115,41
116,41
117,41
118,41
119,41
120,41
121,41
122,41
123,41
124,41
125,41
126,41
127,41
128,41
129,41
130,41
131,41
132,41
133,41
134,41
135,41
136,41
137,41
138,41
139,41
140,41
141,41
142,41
143,41
144,41
145,41
146,41
147,41
148,41
149,41
150,41
151,41
152,41
153,41
154,41
155,41
156,41
157,41
158,41
159,41
160,41
161,41
162,41
163,41
164,41
165,41
166,41
167,41
168,41
169,41
170,41
171,41
172,41
173,41
174,41
175,41
176,41
177,41
178,41
179,41
180,41
181,41
182,41
183,41
184,41
185,41
186,41
187,41
188,41
189,41
190,41
191,41
192,41
193,41
194,41
195,41
196,41
197,41
198,41
199,41
200,41
201,41
202,41
203,41
204,41
205,41
206,41
207,41
208,41
209,41
210,41
211,41
212,41
213,41
214,41
215,41
216,41
217,41
218,41
219,41
220,41
221,41
222,41
223,41
224,41
225,41
226,41
227,41
228,41
229,41
230,41
231,41
232,41
233,41
234,41
235,41
236,41
237,41
238,41
239,41
240,41
241,41
242,41
243,41
244,41
245,41
246,41
247,41
248,41
249,41
250,41
251,41
252,41
253,41
254,41
255,41
256,41
257,41
258,41
259,41
260,41
261,41
262,41
263,41
264,41
265,41
266,41
267,41
268,41
269,41
270,41
271,41
272,41
273,41
274,41
275,41
276,41
277,41
278,41
279,41
280,41
281,41
282,41
283,41
284,41
285,41
286,41
287,41
288,41
289,41
290,41
291,41
292,41
293,41
294,41
295,41
296,41
297,41
298,41
299,41
300,41
301,41
302,41
303,41
304,41
305,41
306,41
307,41
308,41
309,41
310,41
311,41
312,41
313,41
314,41
315,41
316,41
317,41
318,41
319,41
320,41
321,41
322,41
323,41
324,41
325,41
326,41
327,41
328,41
329,41
330,41
331,41
332,41
333,41
334,41
335,41
336,41
337,41
338,41
339,41
340,41
341,41
342,41
343,41
344,41
345,41
346,41
347,41
348,41
349,41
350,41
351,41
352,41
353,41
354,41
355,41
356,41
357,41
358,41
359,41
360,41
361,41
362,41
363,41
364,41
365,41
366,41
367,41
368,41
369,41
370,41
371,41
372,41
373,41
374,41
375,41
376,41
377,41
378,41
379,41
380,41
381,41
382,41
383,41
384,41
385,41
386,41
387,41
388,41
389,41
390,41
0,40
1,40
2,40
3,40
4,40
5,40
6,40
7,40
8,40
9,40
10,40
11,40
12,40
13,40
14,40
15,40
16,40
17,40
18,40
19,40
20,40
21,40
22,40
23,40
24,40
25,40
26,40
27,40
28,40
29,40
30,40
31,40
32,40
33,40
34,40
35,40
36,40
37,40
38,40
39,40
40,40
41,40
42,40
43,40
44,40
45,40
46,40
47,40
48,40
49,40
50,40
51,40
52,40
53,40
54,40
55,40
56,40
57,40
58,40
59,40
60,40
61,40
62,40
63,40
64,40
65,40
66,40
67,40
68,40
69,40
70,40
71,40
72,40
73,40
74,40
75,40
76,40
77,40
78,40
79,40
80,40
81,40
82,40
83,40
84,40
85,40
86,40
87,40
88,40
89,40
90,40
91,40
92,40
93,40
94,40
95,40
96,40
97,40
98,40
99,40
100,40
101,40
102,40
103,40
104,40
105,40
106,40
107,40
108,40
109,40
110,40
111,40
112,40
113,40
114,40
115,40
116,40
117,40
118,40
119,40
120,40
121,40
122,40
123,40
124,40
125,40
126,40
127,40
128,40
129,40
130,40
131,40
132,40
133,40
134,40
135,40
136,40
137,40
138,40
139,40
140,40
141,40
142,40
143,40
144,40
145,40
146,40
147,40
148,40
149,40
150,40
151,40
152,40
153,40
154,40
155,40
156,40
157,40
158,40
159,40
160,40
161,40
162,40
163,40
164,40
165,40
166,40
167,40
168,40
169,40
170,40
171,40
172,40
173,40
174,40
175,40
176,40
177,40
178,40
179,40
180,40
181,40
182,40
183,40
184,40
185,40
186,40
187,40
188,40
189,40
190,40
191,40
192,40
193,40
194,40
195,40
196,40
197,40
198,40
199,40
200,40
201,40
202,40
203,40
204,40
205,40
206,40
207,40
208,40
209,40
210,40
211,40
212,40
213,40
214,40
215,40
216,40
217,40
218,40
219,40
220,40
221,40
222,40
223,40
224,40
225,40
226,40
227,40
228,40
229,40
230,40
231,40
232,40
233,40
234,40
235,40
236,40
237,40
238,40
239,40
240,40
241,40
242,40
243,40
244,40
245,40
246,40
247,40
248,40
249,40
250,40
251,40
252,40
253,40
254,40
255,40
256,40
257,40
258,40
259,40
260,40
261,40
262,40
263,40
264,40
265,40
266,40
267,40
268,40
269,40
270,40
271,40
272,40
273,40
274,40
275,40
276,40
277,40
278,40
279,40
280,40
281,40
282,40
283,40
284,40
285,40
286,40
287,40
288,40
289,40
290,40
291,40
292,40
293,40
294,40
295,40
296,40
297,40
298,40
299,40
300,40
301,40
302,40
303,40
304,40
305,40
306,40
307,40
308,40
309,40
310,40
311,40
312,40
313,40
314,40
315,40
316,40
317,40
318,40
319,40
320,40
321,40
322,40
323,40
324,40
325,40
326,40
327,40
328,40
329,40
330,40
331,40
332,40
333,40
334,40
335,40
336,40
337,40
338,40
339,40
340,40
341,40
342,40
343,40
344,40
345,40
346,40
347,40
348,40
349,40
350,40
351,40
352,40
353,40
354,40
355,40
356,40
357,40
358,40
359,40
360,40
361,40
362,40
363,40
364,40
365,40
366,40
367,40
368,40
369,40
370,40
371,40
372,40
373,40
374,40
375,40
376,40
377,40
378,40
379,40
380,40
381,40
382,40
383,40
384,40
385,40
386,40
387,40
388,40
389,40
390,40
0,39
1,39
2,39
3,39
4,39
5,39
6,39
7,39
8,39
9,39
10,39
11,39
12,39
13,39
14,39
15,39
16,39
17,39
18,39
19,39
20,39
21,39
22,39
23,39
24,39
25,39
26,39
27,39
28,39
29,39
30,39
31,39
32,39
33,39
34,39
35,39
36,39
37,39
38,39
39,39
40,39
41,39
42,39
43,39
44,39
45,39
46,39
47,39
48,39
49,39
50,39
51,39
52,39
53,39
54,39
55,39
56,39
57,39
58,39
59,39
60,39
61,39
62,39
63,39
64,39
65,39
66,39
67,39
68,39
69,39
70,39
71,39
72,39
73,39
74,39
75,39
76,39
77,39
78,39
79,39
80,39
81,39
82,39
83,39
84,39
85,39
86,39
87,39
88,39
89,39
90,39
91,39
92,39
93,39
94,39
95,39
96,39
97,39
98,39
99,39
100,39
101,39
102,39
103,39
104,39
105,39
106,39
107,39
108,39
109,39
110,39
111,39
112,39
113,39
114,39
115,39
116,39
117,39
118,39
119,39
120,39
121,39
122,39
123,39
124,39
125,39
126,39
127,39
128,39
129,39
130,39
131,39
132,39
133,39
134,39
135,39
136,39
137,39
138,39
139,39
140,39
141,39
142,39
143,39
144,39
145,39
146,39
147,39
148,39
149,39
150,39
151,39
152,39
153,39
154,39
155,39
156,39
157,39
158,39
159,39
160,39
161,39
162,39
163,39
164,39
165,39
166,39
167,39
168,39
169,39
170,39
171,39
172,39
173,39
174,39
175,39
176,39
177,39
178,39
179,39
180,39
181,39
182,39
183,39
184,39
185,39
186,39
187,39
188,39
189,39
190,39
191,39
192,39
193,39
194,39
195,39
196,39
197,39
198,39
199,39
200,39
201,39
202,39
203,39
204,39
205,39
206,39
207,39
208,39
209,39
210,39
211,39
212,39
213,39
214,39
215,39
216,39
217,39
218,39
219,39
220,39
221,39
222,39
223,39
224,39
225,39
226,39
227,39
228,39
229,39
230,39
231,39
232,39
233,39
234,39
235,39
236,39
237,39
238,39
239,39
240,39
241,39
242,39
243,39
244,39
245,39
246,39
247,39
248,39
249,39
250,39
251,39
252,39
253,39
254,39
255,39
256,39
257,39
258,39
259,39
260,39
261,39
262,39
263,39
264,39
265,39
266,39
267,39
268,39
269,39
270,39
271,39
272,39
273,39
274,39
275,39
276,39
277,39
278,39
279,39
280,39
281,39
282,39
283,39
284,39
285,39
286,39
287,39
288,39
289,39
290,39
291,39
292,39
293,39
294,39
295,39
296,39
297,39
298,39
299,39
300,39
301,39
302,39
303,39
304,39
305,39
306,39
307,39
308,39
309,39
310,39
311,39
312,39
313,39
314,39
315,39
316,39
317,39
318,39
319,39
320,39
321,39
322,39
323,39
324,39
325,39
326,39
327,39
328,39
329,39
330,39
331,39
332,39
333,39
334,39
335,39
336,39
337,39
338,39
339,39
340,39
341,39
342,39
343,39
344,39
345,39
346,39
347,39
348,39
349,39
350,39
351,39
352,39
353,39
354,39
355,39
356,39
357,39
358,39
359,39
360,39
361,39
362,39
363,39
364,39
365,39
366,39
367,39
368,39
369,39
370,39
371,39
372,39
373,39
374,39
375,39
376,39
377,39
378,39
379,39
380,39
381,39
382,39
383,39
384,39
385,39
386,39
387,39
388,39
389,39
390,39
0,38
1,38
2,38
3,38
4,38
5,38
6,38
7,38
8,38
9,38
10,38
11,38
12,38
13,38
14,38
15,38
16,38
17,38
18,38
19,38
20,38
21,38
22,38
23,38
24,38
25,38
26,38
27,38
28,38
29,38
30,38
31,38
32,38
33,38
34,38
35,38
36,38
37,38
38,38
39,38
40,38
41,38
42,38
43,38
44,38
45,38
46,38
47,38
48,38
49,38
50,38
51,38
52,38
53,38
54,38
55,38
56,38
57,38
58,38
59,38
60,38
61,38
62,38
63,38
64,38
65,38
66,38
67,38
68,38
69,38
70,38
71,38
72,38
73,38
74,38
75,38
76,38
77,38
78,38
79,38
80,38
81,38
82,38
83,38
84,38
85,38
86,38
87,38
88,38
89,38
90,38
91,38
92,38
93,38
94,38
95,38
96,38
97,38
98,38
99,38
100,38
101,38
102,38
103,38
104,38
105,38
106,38
107,38
108,38
109,38
110,38
111,38
112,38
113,38
114,38
115,38
116,38
117,38
118,38
119,38
120,38
121,38
122,38
123,38
124,38
125,38
126,38
127,38
128,38
129,38
130,38
131,38
132,38
133,38
134,38
135,38
136,38
137,38
138,38
139,38
140,38
141,38
142,38
143,38
144,38
145,38
146,38
147,38
148,38
149,38
150,38
151,38
152,38
153,38
154,38
155,38
156,38
157,38
158,38
159,38
160,38
161,38
162,38
163,38
164,38
165,38
166,38
167,38
168,38
169,38
170,38
171,38
172,38
173,38
174,38
175,38
176,38
177,38
178,38
179,38
180,38
181,38
182,38
183,38
184,38
185,38
186,38
187,38
188,38
189,38
190,38
191,38
192,38
193,38
194,38
195,38
196,38
197,38
198,38
199,38
200,38
201,38
202,38
203,38
204,38
205,38
206,38
207,38
208,38
209,38
210,38
211,38
212,38
213,38
214,38
215,38
216,38
217,38
218,38
219,38
220,38
221,38
222,38
223,38
224,38
225,38
226,38
227,38
228,38
229,38
230,38
231,38
232,38
233,38
234,38
235,38
236,38
237,38
238,38
239,38
240,38
241,38
242,38
243,38
244,38
245,38
246,38
247,38
248,38
249,38
250,38
251,38
252,38
253,38
254,38
255,38
256,38
257,38
258,38
259,38
260,38
261,38
262,38
263,38
264,38
265,38
266,38
267,38
268,38
269,38
270,38
271,38
272,38
273,38
274,38
275,38
276,38
277,38
278,38
279,38
280,38
281,38
282,38
283,38
284,38
285,38
286,38
287,38
288,38
289,38
290,38
291,38
292,38
293,38
294,38
295,38
296,38
297,38
298,38
299,38
300,38
301,38
302,38
303,38
304,38
305,38
306,38
307,38
308,38
309,38
310,38
311,38
312,38
313,38
314,38
315,38
316,38
317,38
318,38
319,38
320,38
321,38
322,38
323,38
324,38
325,38
326,38
327,38
328,38
329,38
330,38
331,38
332,38
333,38
334,38
335,38
336,38
337,38
338,38
339,38
340,38
341,38
342,38
343,38
344,38
345,38
346,38
347,38
348,38
349,38
350,38
351,38
352,38
353,38
354,38
355,38
356,38
357,38
358,38
359,38
360,38
361,38
362,38
363,38
364,38
365,38
366,38
367,38
368,38
369,38
370,38
371,38
372,38
373,38
374,38
375,38
376,38
377,38
378,38
379,38
380,38
381,38
382,38
383,38
384,38
385,38
386,38
387,38
388,38
389,38
390,38
0,37
1,37
2,37
3,37
4,37
5,37
6,37
7,37
8,37
9,37
10,37
11,37
12,37
13,37
14,37
15,37
16,37
17,37
18,37
19,37
20,37
21,37
22,37
23,37
24,37
25,37
26,37
27,37
28,37
29,37
30,37
31,37
32,37
33,37
34,37
35,37
36,37
37,37
38,37
39,37
40,37
41,37
42,37
43,37
44,37
45,37
46,37
47,37
48,37
49,37
50,37
51,37
52,37
53,37
54,37
55,37
56,37
57,37
58,37
59,37
60,37
61,37
62,37
63,37
64,37
65,37
66,37
67,37
68,37
69,37
70,37
71,37
72,37
73,37
74,37
75,37
76,37
77,37
78,37
79,37
80,37
81,37
82,37
83,37
84,37
85,37
86,37
87,37
88,37
89,37
90,37
91,37
92,37
93,37
94,37
95,37
96,37
97,37
98,37
99,37
100,37
101,37
102,37
103,37
104,37
105,37
106,37
107,37
108,37
109,37
110,37
111,37
112,37
113,37
114,37
115,37
116,37
117,37
118,37
119,37
120,37
121,37
122,37
123,37
124,37
125,37
126,37
127,37
128,37
129,37
130,37
131,37
132,37
133,37
134,37
135,37
136,37
137,37
138,37
139,37
140,37
141,37
142,37
143,37
144,37
145,37
146,37
147,37
148,37
149,37
150,37
151,37
152,37
153,37
154,37
155,37
156,37
157,37
158,37
159,37
160,37
161,37
162,37
163,37
164,37
165,37
166,37
167,37
168,37
169,37
170,37
171,37
172,37
173,37
174,37
175,37
176,37
177,37
178,37
179,37
180,37
181,37
182,37
183,37
184,37
185,37
186,37
187,37
188,37
189,37
190,37
191,37
192,37
193,37
194,37
195,37
196,37
197,37
198,37
199,37
200,37
201,37
202,37
203,37
204,37
205,37
206,37
207,37
208,37
209,37
210,37
211,37
212,37
213,37
214,37
215,37
216,37
217,37
218,37
219,37
220,37
221,37
222,37
223,37
224,37
225,37
226,37
227,37
228,37
229,37
230,37
231,37
232,37
233,37
234,37
235,37
236,37
237,37
238,37
239,37
240,37
241,37
242,37
243,37
244,37
245,37
246,37
247,37
248,37
249,37
250,37
251,37
252,37
253,37
254,37
255,37
256,37
257,37
258,37
259,37
260,37
261,37
262,37
263,37
264,37
265,37
266,37
267,37
268,37
269,37
270,37
271,37
272,37
273,37
274,37
275,37
276,37
277,37
278,37
279,37
280,37
281,37
282,37
283,37
284,37
285,37
286,37
287,37
288,37
289,37
290,37
291,37
292,37
293,37
294,37
295,37
296,37
297,37
298,37
299,37
300,37
301,37
302,37
303,37
304,37
305,37
306,37
307,37
308,37
309,37
310,37
311,37
312,37
313,37
314,37
315,37
316,37
317,37
318,37
319,37
320,37
321,37
322,37
323,37
324,37
325,37
326,37
327,37
328,37
329,37
330,37
331,37
332,37
333,37
334,37
335,37
336,37
337,37
338,37
339,37
340,37
341,37
342,37
343,37
344,37
345,37
346,37
347,37
348,37
349,37
350,37
351,37
352,37
353,37
354,37
355,37
356,37
357,37
358,37
359,37
360,37
361,37
362,37
363,37
364,37
365,37
366,37
367,37
368,37
369,37
370,37
371,37
372,37
373,37
374,37
375,37
376,37
377,37
378,37
379,37
380,37
381,37
382,37
383,37
384,37
385,37
386,37
387,37
388,37
389,37
390,37
0,36
1,36
2,36
3,36
4,36
5,36
6,36
7,36
8,36
9,36
10,36
11,36
12,36
13,36
14,36
15,36
16,36
17,36
18,36
19,36
20,36
21,36
22,36
23,36
24,36
25,36
26,36
27,36
28,36
29,36
30,36
31,36
32,36
33,36
34,36
35,36
36,36
37,36
38,36
39,36
40,36
41,36
42,36
43,36
44,36
45,36
46,36
47,36
48,36
49,36
50,36
51,36
52,36
53,36
54,36
55,36
56,36
57,36
58,36
59,36
60,36
61,36
62,36
63,36
64,36
65,36
66,36
67,36
68,36
69,36
70,36
71,36
72,36
73,36
74,36
75,36
76,36
77,36
78,36
79,36
80,36
81,36
82,36
83,36
84,36
85,36
86,36
87,36
88,36
89,36
90,36
91,36
92,36
93,36
94,36
95,36
96,36
97,36
98,36
99,36
100,36
101,36
102,36
103,36
104,36
105,36
106,36
107,36
108,36
109,36
110,36
111,36
112,36
113,36
114,36
115,36
116,36
117,36
118,36
119,36
120,36
121,36
122,36
123,36
124,36
125,36
126,36
127,36
128,36
129,36
130,36
131,36
132,36
133,36
134,36
135,36
136,36
137,36
138,36
139,36
140,36
141,36
142,36
143,36
144,36
145,36
146,36
147,36
148,36
149,36
150,36
151,36
152,36
153,36
154,36
155,36
156,36
157,36
158,36
159,36
160,36
161,36
162,36
163,36
164,36
165,36
166,36
167,36
168,36
169,36
170,36
171,36
172,36
176,36
177,36
178,36
179,36
180,36
181,36
182,36
183,36
184,36
185,36
186,36
187,36
188,36
189,36
190,36
191,36
192,36
193,36
194,36
195,36
196,36
197,36
198,36
199,36
200,36
201,36
202,36
203,36
204,36
205,36
206,36
207,36
208,36
209,36
210,36
211,36
212,36
213,36
214,36
215,36
216,36
217,36
218,36
219,36
220,36
221,36
222,36
223,36
224,36
225,36
226,36
227,36
228,36
229,36
230,36
231,36
232,36
233,36
234,36
235,36
236,36
237,36
238,36
239,36
240,36
241,36
242,36
243,36
244,36
245,36
246,36
247,36
248,36
249,36
250,36
251,36
252,36
253,36
254,36
255,36
256,36
257,36
258,36
259,36
260,36
261,36
262,36
263,36
264,36
265,36
266,36
267,36
268,36
269,36
270,36
271,36
272,36
273,36
274,36
275,36
276,36
277,36
278,36
279,36
280,36
281,36
282,36
283,36
284,36
285,36
286,36
287,36
288,36
289,36
290,36
291,36
292,36
293,36
294,36
295,36
296,36
297,36
298,36
299,36
300,36
301,36
302,36
303,36
304,36
305,36
306,36
307,36
308,36
309,36
310,36
311,36
312,36
313,36
314,36
315,36
316,36
317,36
318,36
319,36
320,36
321,36
322,36
323,36
324,36
325,36
326,36
327,36
328,36
329,36
330,36
331,36
332,36
333,36
334,36
335,36
336,36
337,36
338,36
339,36
340,36
341,36
342,36
343,36
344,36
345,36
346,36
347,36
348,36
349,36
350,36
351,36
352,36
353,36
354,36
355,36
356,36
357,36
358,36
359,36
360,36
361,36
362,36
363,36
364,36
365,36
366,36
367,36
368,36
369,36
370,36
371,36
372,36
373,36
374,36
375,36
376,36
377,36
378,36
379,36
380,36
381,36
382,36
383,36
384,36
385,36
386,36
387,36
388,36
389,36
390,36
0,35
1,35
2,35
3,35
4,35
5,35
6,35
7,35
8,35
9,35
10,35
11,35
12,35
13,35
14,35
15,35
16,35
17,35
18,35
19,35
20,35
21,35
22,35
23,35
24,35
25,35
26,35
27,35
28,35
29,35
30,35
31,35
32,35
33,35
34,35
35,35
36,35
37,35
38,35
39,35
40,35
41,35
42,35
43,35
44,35
45,35
46,35
47,35
48,35
49,35
50,35
51,35
52,35
53,35
54,35
55,35
56,35
57,35
58,35
59,35
60,35
61,35
62,35
63,35
64,35
65,35
66,35
67,35
68,35
69,35
70,35
71,35
72,35
73,35
74,35
75,35
76,35
77,35
78,35
79,35
80,35
81,35
82,35
83,35
84,35
85,35
86,35
87,35
88,35
89,35
90,35
91,35
92,35
93,35
94,35
95,35
96,35
97,35
98,35
99,35
100,35
101,35
102,35
103,35
104,35
105,35
106,35
107,35
108,35
109,35
110,35
111,35
112,35
113,35
114,35
115,35
116,35
117,35
118,35
119,35
120,35
121,35
122,35
123,35
124,35
125,35
126,35
127,35
128,35
129,35
130,35
131,35
132,35
133,35
134,35
135,35
136,35
137,35
138,35
139,35
140,35
141,35
142,35
143,35
144,35
145,35
146,35
147,35
148,35
152,35
153,35
154,35
155,35
156,35
157,35
158,35
159,35
160,35
161,35
162,35
163,35
164,35
165,35
166,35
167,35
168,35
169,35
170,35
171,35
177,35
178,35
179,35
180,35
181,35
182,35
183,35
184,35
185,35
186,35
187,35
188,35
189,35
190,35
191,35
192,35
193,35
194,35
195,35
196,35
197,35
198,35
199,35
200,35
201,35
202,35
203,35
204,35
205,35
206,35
207,35
208,35
209,35
210,35
211,35
212,35
213,35
214,35
215,35
216,35
217,35
218,35
219,35
220,35
221,35
222,35
223,35
224,35
225,35
226,35
227,35
228,35
229,35
230,35
231,35
232,35
233,35
234,35
235,35
236,35
237,35
238,35
239,35
240,35
241,35
242,35
243,35
244,35
245,35
246,35
247,35
248,35
249,35
250,35
251,35
252,35
253,35
254,35
255,35
256,35
257,35
258,35
259,35
260,35
261,35
262,35
263,35
264,35
265,35
266,35
267,35
268,35
269,35
270,35
271,35
272,35
273,35
274,35
275,35
276,35
277,35
278,35
279,35
280,35
281,35
282,35
283,35
284,35
285,35
286,35
287,35
288,35
289,35
290,35
291,35
292,35
293,35
294,35
295,35
296,35
297,35
298,35
299,35
300,35
301,35
302,35
303,35
304,35
305,35
306,35
307,35
308,35
309,35
310,35
311,35
312,35
313,35
314,35
315,35
316,35
317,35
318,35
319,35
320,35
321,35
322,35
323,35
324,35
325,35
326,35
327,35
328,35
329,35
330,35
331,35
332,35
333,35
334,35
335,35
336,35
337,35
338,35
339,35
340,35
341,35
342,35
343,35
344,35
345,35
346,35
347,35
348,35
349,35
350,35
351,35
352,35
353,35
354,35
355,35
356,35
357,35
358,35
359,35
360,35
361,35
362,35
363,35
364,35
365,35
366,35
367,35
368,35
369,35
370,35
371,35
372,35
373,35
374,35
375,35
376,35
377,35
378,35
379,35
380,35
381,35
382,35
383,35
384,35
385,35
386,35
387,35
388,35
389,35
390,35
0,34
1,34
2,34
3,34
4,34
5,34
6,34
7,34
8,34
9,34
10,34
11,34
12,34
13,34
14,34
15,34
16,34
17,34
18,34
19,34
20,34
21,34
22,34
23,34
24,34
25,34
26,34
27,34
28,34
29,34
30,34
31,34
32,34
33,34
34,34
35,34
36,34
37,34
38,34
39,34
40,34
41,34
42,34
43,34
44,34
45,34
46,34
47,34
48,34
49,34
50,34
51,34
52,34
53,34
54,34
55,34
56,34
57,34
58,34
59,34
60,34
61,34
62,34
63,34
64,34
65,34
66,34
67,34
68,34
69,34
70,34
71,34
72,34
73,34
74,34
75,34
76,34
77,34
78,34
79,34
80,34
81,34
82,34
83,34
84,34
85,34
86,34
87,34
88,34
89,34
90,34
91,34
92,34
93,34
94,34
95,34
96,34
97,34
98,34
99,34
100,34
101,34
102,34
103,34
104,34
105,34
106,34
107,34
108,34
109,34
110,34
111,34
112,34
113,34
114,34
115,34
116,34
117,34
118,34
119,34
120,34
121,34
122,34
123,34
124,34
125,34
126,34
127,34
128,34
129,34
130,34
131,34
132,34
133,34
134,34
135,34
136,34
137,34
138,34
139,34
140,34
141,34
142,34
143,34
144,34
145,34
160,34
161,34
162,34
163,34
164,34
165,34
166,34
167,34
168,34
169,34
170,34
171,34
178,34
179,34
180,34
181,34
182,34
183,34
184,34
185,34
186,34
187,34
188,34
189,34
190,34
191,34
192,34
193,34
194,34
195,34
196,34
197,34
198,34
199,34
200,34
201,34
202,34
203,34
204,34
205,34
206,34
207,34
208,34
209,34
210,34
211,34
212,34
213,34
214,34
215,34
216,34
217,34
218,34
219,34
220,34
221,34
222,34
223,34
224,34
225,34
226,34
227,34
228,34
229,34
230,34
231,34
232,34
233,34
234,34
235,34
236,34
237,34
238,34
239,34
240,34
241,34
242,34
243,34
244,34
245,34
246,34
247,34
248,34
249,34
250,34
251,34
252,34
253,34
254,34
255,34
256,34
257,34
258,34
259,34
260,34
261,34
262,34
263,34
264,34
265,34
266,34
267,34
268,34
269,34
270,34
271,34
272,34
273,34
274,34
275,34
276,34
277,34
278,34
279,34
280,34
281,34
282,34
283,34
284,34
285,34
286,34
287,34
288,34
289,34
290,34
291,34
292,34
293,34
294,34
295,34
296,34
297,34
298,34
299,34
300,34
301,34
302,34
303,34
304,34
305,34
306,34
307,34
308,34
309,34
310,34
311,34
312,34
313,34
314,34
315,34
316,34
317,34
318,34
319,34
320,34
321,34
322,34
323,34
324,34
325,34
326,34
327,34
328,34
329,34
330,34
331,34
332,34
333,34
334,34
335,34
336,34
337,34
338,34
339,34
340,34
341,34
342,34
343,34
344,34
345,34
346,34
347,34
348,34
349,34
350,34
351,34
352,34
353,34
354,34
355,34
356,34
357,34
358,34
359,34
360,34
361,34
362,34
363,34
364,34
365,34
366,34
367,34
368,34
369,34
370,34
371,34
372,34
373,34
374,34
375,34
376,34
377,34
378,34
379,34
380,34
381,34
382,34
383,34
384,34
385,34
386,34
387,34
388,34
389,34
390,34
0,33
1,33
2,33
3,33
4,33
5,33
6,33
7,33
8,33
9,33
10,33
11,33
12,33
13,33
14,33
15,33
16,33
17,33
18,33
19,33
20,33
21,33
22,33
23,33
24,33
25,33
26,33
27,33
28,33
29,33
30,33
31,33
32,33
33,33
34,33
35,33
36,33
37,33
38,33
39,33
40,33
41,33
42,33
43,33
44,33
45,33
46,33
47,33
48,33
49,33
50,33
51,33
52,33
53,33
54,33
55,33
56,33
57,33
58,33
59,33
60,33
61,33
62,33
63,33
64,33
65,33
66,33
67,33
68,33
69,33
70,33
71,33
72,33
73,33
74,33
75,33
76,33
77,33
78,33
79,33
80,33
81,33
82,33
83,33
84,33
85,33
86,33
87,33
88,33
89,33
90,33
91,33
92,33
93,33
94,33
95,33
96,33
97,33
98,33
99,33
100,33
101,33
102,33
103,33
104,33
105,33
106,33
107,33
108,33
109,33
110,33
111,33
112,33
113,33
114,33
115,33
116,33
117,33
118,33
119,33
120,33
121,33
122,33
123,33
124,33
125,33
126,33
127,33
128,33
129,33
130,33
131,33
132,33
133,33
134,33
135,33
136,33
137,33
138,33
139,33
140,33
141,33
142,33
143,33
144,33
145,33
161,33
162,33
163,33
164,33
165,33
166,33
167,33
168,33
169,33
170,33
178,33
179,33
180,33
181,33
182,33
183,33
184,33
185,33
186,33
187,33
188,33
189,33
190,33
191,33
192,33
193,33
194,33
195,33
196,33
197,33
198,33
199,33
200,33
201,33
202,33
203,33
204,33
205,33
206,33
207,33
208,33
209,33
210,33
211,33
212,33
213,33
214,33
215,33
216,33
217,33
218,33
219,33
220,33
221,33
222,33
223,33
224,33
230,33
231,33
232,33
233,33
234,33
235,33
236,33
237,33
238,33
239,33
240,33
241,33
242,33
243,33
244,33
245,33
246,33
247,33
248,33
249,33
250,33
251,33
252,33
253,33
254,33
255,33
256,33
257,33
258,33
259,33
260,33
261,33
262,33
263,33
264,33
265,33
266,33
267,33
268,33
269,33
270,33
271,33
272,33
273,33
274,33
275,33
276,33
277,33
278,33
279,33
280,33
281,33
282,33
283,33
284,33
285,33
286,33
287,33
288,33
289,33
290,33
291,33
292,33
293,33
294,33
295,33
296,33
297,33
298,33
299,33
300,33
301,33
302,33
303,33
304,33
305,33
306,33
307,33
308,33
309,33
310,33
311,33
312,33
313,33
314,33
315,33
316,33
317,33
318,33
319,33
320,33
321,33
322,33
323,33
324,33
325,33
326,33
327,33
328,33
329,33
330,33
331,33
332,33
333,33
334,33
335,33
336,33
337,33
338,33
339,33
340,33
341,33
342,33
343,33
344,33
345,33
346,33
347,33
348,33
349,33
350,33
351,33
352,33
353,33
354,33
355,33
356,33
357,33
358,33
359,33
360,33
361,33
362,33
363,33
364,33
365,33
366,33
367,33
368,33
369,33
370,33
371,33
372,33
373,33
374,33
375,33
376,33
377,33
378,33
379,33
380,33
381,33
382,33
383,33
384,33
385,33
386,33
387,33
388,33
389,33
390,33
0,32
1,32
2,32
3,32
4,32
5,32
6,32
7,32
8,32
9,32
10,32
11,32
12,32
13,32
14,32
15,32
16,32
17,32
18,32
19,32
20,32
21,32
22,32
23,32
24,32
25,32
26,32
27,32
28,32
29,32
30,32
31,32
32,32
33,32
34,32
35,32
36,32
37,32
38,32
39,32
40,32
41,32
42,32
43,32
44,32
45,32
46,32
47,32
48,32
49,32
50,32
51,32
52,32
53,32
54,32
55,32
56,32
57,32
58,32
59,32
60,32
61,32
62,32
63,32
64,32
65,32
66,32
67,32
68,32
69,32
70,32
71,32
72,32
73,32
74,32
75,32
76,32
77,32
78,32
79,32
80,32
81,32
82,32
83,32
84,32
85,32
86,32
87,32
88,32
89,32
90,32
91,32
92,32
93,32
94,32
95,32
96,32
97,32
98,32
99,32
100,32
101,32
102,32
103,32
104,32
105,32
106,32
107,32
108,32
109,32
110,32
111,32
112,32
113,32
114,32
115,32
116,32
117,32
118,32
119,32
120,32
121,32
122,32
123,32
124,32
125,32
126,32
127,32
128,32
129,32
130,32
131,32
132,32
133,32
134,32
135,32
136,32
137,32
138,32
139,32
140,32
141,32
142,32
143,32
144,32
145,32
162,32
163,32
164,32
165,32
166,32
167,32
168,32
169,32
170,32
179,32
180,32
181,32
182,32
183,32
184,32
185,32
186,32
187,32
188,32
189,32
190,32
191,32
192,32
193,32
194,32
195,32
196,32
197,32
198,32
199,32
200,32
201,32
202,32
203,32
204,32
205,32
206,32
207,32
208,32
209,32
210,32
211,32
212,32
213,32
214,32
215,32
216,32
217,32
218,32
219,32
220,32
221,32
222,32
223,32
224,32
231,32
232,32
233,32
234,32
235,32
236,32
237,32
238,32
239,32
240,32
241,32
242,32
243,32
244,32
245,32
246,32
247,32
248,32
249,32
250,32
251,32
252,32
253,32
254,32
255,32
256,32
257,32
258,32
259,32
260,32
261,32
262,32
263,32
264,32
265,32
266,32
267,32
268,32
269,32
270,32
271,32
272,32
273,32
274,32
275,32
276,32
277,32
282,32
283,32
284,32
285,32
286,32
287,32
288,32
289,32
290,32
291,32
292,32
293,32
294,32
295,32
296,32
297,32
298,32
299,32
300,32
301,32
302,32
303,32
304,32
305,32
306,32
307,32
308,32
309,32
310,32
311,32
312,32
313,32
314,32
315,32
316,32
317,32
318,32
319,32
320,32
321,32
322,32
323,32
324,32
325,32
326,32
327,32
328,32
329,32
330,32
331,32
332,32
333,32
334,32
335,32
336,32
337,32
338,32
339,32
340,32
341,32
342,32
343,32
344,32
345,32
346,32
347,32
348,32
349,32
350,32
351,32
352,32
353,32
354,32
355,32
356,32
357,32
358,32
359,32
360,32
361,32
362,32
363,32
364,32
365,32
366,32
367,32
368,32
369,32
370,32
371,32
372,32
373,32
374,32
375,32
376,32
377,32
378,32
379,32
380,32
381,32
382,32
383,32
384,32
385,32
386,32
387,32
388,32
389,32
390,32
0,31
1,31
2,31
3,31
4,31
5,31
6,31
7,31
8,31
9,31
10,31
11,31
12,31
13,31
14,31
15,31
16,31
17,31
18,31
19,31
20,31
21,31
22,31
23,31
24,31
25,31
26,31
27,31
28,31
29,31
30,31
31,31
32,31
33,31
34,31
35,31
36,31
37,31
38,31
39,31
40,31
41,31
42,31
43,31
44,31
45,31
46,31
47,31
48,31
49,31
50,31
51,31
52,31
53,31
54,31
55,31
56,31
57,31
58,31
59,31
60,31
61,31
62,31
63,31
64,31
65,31
66,31
67,31
68,31
69,31
70,31
71,31
72,31
73,31
74,31
75,31
76,31
77,31
78,31
79,31
80,31
81,31
82,31
83,31
84,31
85,31
86,31
87,31
88,31
89,31
90,31
91,31
92,31
93,31
94,31
95,31
96,31
97,31
98,31
102,31
103,31
104,31
105,31
118,31
119,31
120,31
121,31
122,31
123,31
124,31
125,31
126,31
127,31
128,31
129,31
130,31
131,31
132,31
133,31
134,31
135,31
136,31
137,31
138,31
139,31
140,31
141,31
142,31
143,31
144,31
145,31
162,31
163,31
164,31
165,31
166,31
167,31
168,31
169,31
170,31
179,31
180,31
181,31
182,31
183,31
184,31
185,31
186,31
187,31
188,31
189,31
190,31
191,31
192,31
193,31
194,31
195,31
196,31
197,31
198,31
199,31
200,31
201,31
202,31
203,31
204,31
205,31
206,31
207,31
208,31
209,31
210,31
211,31
212,31
213,31
214,31
215,31
216,31
217,31
218,31
219,31
220,31
221,31
222,31
223,31
231,31
232,31
233,31
234,31
235,31
236,31
237,31
238,31
239,31
240,31
241,31
242,31
243,31
244,31
245,31
246,31
247,31
248,31
249,31
250,31
251,31
252,31
253,31
254,31
255,31
256,31
257,31
258,31
259,31
260,31
261,31
262,31
263,31
264,31
265,31
266,31
267,31
268,31
269,31
270,31
271,31
272,31
273,31
274,31
275,31
276,31
277,31
283,31
284,31
285,31
286,31
287,31
288,31
289,31
290,31
291,31
292,31
293,31
294,31
295,31
296,31
297,31
298,31
302,31
303,31
304,31
305,31
306,31
307,31
308,31
309,31
310,31
311,31
312,31
313,31
314,31
315,31
316,31
317,31
318,31
319,31
320,31
321,31
322,31
323,31
324,31
325,31
326,31
327,31
328,31
329,31
330,31
331,31
332,31
333,31
334,31
335,31
336,31
337,31
338,31
339,31
340,31
341,31
342,31
343,31
344,31
345,31
346,31
347,31
348,31
349,31
350,31
351,31
352,31
353,31
354,31
355,31
356,31
357,31
358,31
359,31
360,31
361,31
362,31
363,31
364,31
365,31
366,31
367,31
368,31
369,31
370,31
371,31
0,30
1,30
2,30
3,30
4,30
5,30
6,30
7,30
8,30
9,30
10,30
11,30
12,30
13,30
14,30
15,30
16,30
17,30
18,30
19,30
20,30
21,30
22,30
23,30
24,30
25,30
26,30
27,30
28,30
29,30
30,30
31,30
32,30
33,30
34,30
35,30
36,30
37,30
38,30
39,30
40,30
41,30
42,30
43,30
44,30
45,30
46,30
47,30
48,30
49,30
50,30
51,30
52,30
53,30
54,30
55,30
56,30
57,30
58,30
59,30
60,30
61,30
62,30
63,30
64,30
65,30
66,30
67,30
68,30
69,30
70,30
71,30
72,30
73,30
74,30
75,30
76,30
77,30
78,30
79,30
80,30
81,30
82,30
83,30
84,30
85,30
86,30
87,30
88,30
89,30
90,30
91,30
92,30
93,30
94,30
95,30
96,30
97,30
119,30
120,30
121,30
122,30
123,30
124,30
125,30
126,30
127,30
128,30
129,30
130,30
131,30
132,30
133,30
134,30
135,30
136,30
137,30
138,30
139,30
140,30
141,30
142,30
143,30
144,30
145,30
163,30
164,30
165,30
166,30
167,30
168,30
169,30
170,30
179,30
180,30
181,30
182,30
183,30
184,30
185,30
186,30
187,30
188,30
189,30
190,30
191,30
192,30
193,30
194,30
195,30
196,30
197,30
198,30
199,30
200,30
201,30
202,30
203,30
204,30
205,30
206,30
207,30
208,30
209,30
210,30
211,30
212,30
213,30
214,30
215,30
216,30
217,30
218,30
219,30
220,30
221,30
222,30
223,30
232,30
233,30
234,30
235,30
236,30
237,30
238,30
239,30
240,30
241,30
242,30
248,30
249,30
250,30
251,30
252,30
253,30
254,30
255,30
256,30
257,30
258,30
259,30
260,30
261,30
262,30
263,30
264,30
265,30
266,30
267,30
268,30
269,30
270,30
271,30
272,30
273,30
274,30
275,30
276,30
277,30
284,30
285,30
286,30
287,30
288,30
289,30
290,30
291,30
292,30
293,30
294,30
295,30
296,30
297,30
298,30
303,30
304,30
305,30
306,30
307,30
308,30
309,30
310,30
311,30
312,30
313,30
314,30
315,30
316,30
317,30
318,30
319,30
320,30
321,30
322,30
323,30
324,30
325,30
326,30
327,30
328,30
329,30
330,30
331,30
332,30
333,30
334,30
335,30
336,30
337,30
338,30
339,30
340,30
341,30
342,30
343,30
344,30
345,30
346,30
347,30
348,30
349,30
350,30
351,30
352,30
353,30
354,30
355,30
356,30
357,30
358,30
359,30
360,30
361,30
362,30
363,30
364,30
365,30
366,30
367,30
368,30
369,30
370,30
0,29
1,29
2,29
3,29
4,29
5,29
6,29
7,29
8,29
9,29
10,29
11,29
12,29
13,29
14,29
15,29
16,29
17,29
18,29
19,29
20,29
21,29
22,29
23,29
24,29
25,29
26,29
27,29
28,29
29,29
30,29
31,29
32,29
33,29
34,29
35,29
36,29
37,29
38,29
39,29
40,29
41,29
42,29
43,29
44,29
45,29
46,29
47,29
48,29
49,29
50,29
51,29
52,29
53,29
54,29
55,29
62,29
63,29
64,29
65,29
66,29
67,29
68,29
69,29
70,29
71,29
72,29
73,29
74,29
75,29
76,29
77,29
78,29
79,29
80,29
81,29
82,29
83,29
84,29
85,29
86,29
87,29
88,29
89,29
90,29
91,29
92,29
93,29
94,29
95,29
96,29
120,29
121,29
122,29
123,29
124,29
125,29
126,29
127,29
128,29
129,29
130,29
131,29
132,29
133,29
134,29
135,29
136,29
137,29
138,29
139,29
140,29
141,29
142,29
143,29
144,29
145,29
146,29
163,29
164,29
165,29
166,29
167,29
168,29
169,29
170,29
179,29
180,29
181,29
182,29
183,29
184,29
185,29
186,29
187,29
188,29
189,29
190,29
191,29
192,29
193,29
194,29
195,29
196,29
197,29
198,29
199,29
200,29
201,29
202,29
203,29
204,29
205,29
206,29
207,29
208,29
209,29
210,29
211,29
212,29
213,29
214,29
215,29
216,29
217,29
218,29
219,29
220,29
221,29
222,29
223,29
232,29
233,29
234,29
235,29
236,29
237,29
238,29
239,29
240,29
241,29
242,29
249,29
250,29
251,29
252,29
253,29
254,29
255,29
256,29
257,29
258,29
259,29
260,29
265,29
266,29
267,29
268,29
269,29
270,29
271,29
272,29
273,29
274,29
275,29
276,29
277,29
285,29
286,29
287,29
288,29
289,29
290,29
291,29
292,29
293,29
294,29
295,29
296,29
297,29
305,29
306,29
307,29
308,29
309,29
310,29
311,29
312,29
313,29
314,29
315,29
316,29
317,29
318,29
319,29
320,29
321,29
322,29
323,29
324,29
325,29
326,29
327,29
328,29
329,29
330,29
331,29
332,29
333,29
334,29
335,29
336,29
337,29
342,29
343,29
344,29
345,29
346,29
347,29
348,29
349,29
350,29
351,29
352,29
353,29
354,29
355,29
356,29
357,29
358,29
359,29
360,29
361,29
362,29
363,29
364,29
365,29
366,29
367,29
368,29
369,29
370,29
0,28
1,28
2,28
3,28
4,28
5,28
6,28
7,28
8,28
9,28
10,28
11,28
12,28
13,28
14,28
15,28
16,28
17,28
18,28
19,28
20,28
21,28
22,28
23,28
24,28
25,28
26,28
27,28
28,28
29,28
30,28
31,28
32,28
33,28
34,28
35,28
36,28
37,28
38,28
39,28
40,28
41,28
42,28
43,28
44,28
45,28
46,28
47,28
48,28
49,28
50,28
51,28
52,28
53,28
64,28
65,28
66,28
67,28
68,28
69,28
70,28
71,28
72,28
73,28
74,28
75,28
76,28
77,28
78,28
79,28
80,28
81,28
82,28
83,28
84,28
85,28
86,28
87,28
88,28
89,28
90,28
91,28
92,28
93,28
94,28
95,28
96,28
120,28
121,28
122,28
123,28
124,28
125,28
126,28
127,28
128,28
129,28
130,28
131,28
132,28
133,28
134,28
135,28
136,28
137,28
138,28
139,28
140,28
141,28
142,28
143,28
144,28
145,28
146,28
163,28
164,28
165,28
166,28
167,28
168,28
169,28
170,28
179,28
180,28
181,28
182,28
183,28
184,28
185,28
186,28
187,28
188,28
189,28
190,28
191,28
192,28
193,28
194,28
195,28
196,28
197,28
198,28
199,28
200,28
201,28
202,28
203,28
204,28
205,28
206,28
207,28
208,28
209,28
210,28
211,28
212,28
213,28
214,28
215,28
216,28
217,28
218,28
219,28
220,28
221,28
222,28
223,28
233,28
234,28
235,28
236,28
237,28
238,28
239,28
240,28
241,28
250,28
251,28
252,28
253,28
254,28
255,28
256,28
257,28
258,28
259,28
266,28
267,28
268,28
269,28
270,28
271,28
272,28
273,28
274,28
275,28
276,28
277,28
286,28
287,28
288,28
289,28
290,28
291,28
292,28
293,28
294,28
295,28
296,28
297,28
306,28
307,28
308,28
309,28
310,28
311,28
312,28
313,28
314,28
315,28
316,28
317,28
318,28
319,28
320,28
321,28
322,28
323,28
324,28
325,28
326,28
327,28
328,28
329,28
330,28
331,28
332,28
333,28
334,28
335,28
336,28
337,28
342,28
343,28
344,28
345,28
346,28
347,28
348,28
349,28
350,28
351,28
352,28
353,28
354,28
355,28
356,28
357,28
358,28
359,28
360,28
361,28
362,28
363,28
364,28
365,28
366,28
367,28
368,28
369,28
370,28
0,27
1,27
2,27
3,27
4,27
5,27
6,27
7,27
8,27
9,27
10,27
11,27
12,27
13,27
14,27
15,27
16,27
17,27
18,27
19,27
20,27
21,27
22,27
23,27
24,27
25,27
26,27
27,27
28,27
29,27
30,27
31,27
32,27
33,27
34,27
35,27
36,27
37,27
38,27
39,27
40,27
41,27
42,27
43,27
44,27
66,27
67,27
68,27
69,27
70,27
71,27
72,27
73,27
74,27
75,27
76,27
77,27
78,27
79,27
80,27
81,27
82,27
83,27
84,27
85,27
86,27
87,27
88,27
89,27
90,27
91,27
92,27
93,27
94,27
95,27
96,27
121,27
122,27
123,27
124,27
125,27
126,27
127,27
128,27
129,27
130,27
134,27
135,27
136,27
137,27
138,27
139,27
140,27
141,27
142,27
143,27
144,27
145,27
146,27
147,27
163,27
164,27
165,27
166,27
167,27
168,27
169,27
170,27
179,27
180,27
181,27
182,27
183,27
184,27
185,27
186,27
187,27
188,27
189,27
190,27
191,27
192,27
193,27
194,27
195,27
196,27
197,27
198,27
199,27
200,27
201,27
202,27
203,27
204,27
205,27
206,27
207,27
208,27
209,27
210,27
211,27
212,27
213,27
214,27
215,27
216,27
217,27
218,27
219,27
220,27
221,27
222,27
223,27
224,27
233,27
234,27
235,27
236,27
237,27
238,27
239,27
240,27
241,27
250,27
251,27
252,27
253,27
254,27
255,27
256,27
257,27
258,27
259,27
266,27
267,27
268,27
269,27
270,27
271,27
272,27
273,27
274,27
275,27
276,27
277,27
286,27
287,27
288,27
289,27
290,27
291,27
292,27
293,27
294,27
295,27
296,27
297,27
307,27
308,27
309,27
310,27
311,27
312,27
313,27
314,27
315,27
316,27
317,27
318,27
319,27
320,27
324,27
325,27
326,27
327,27
328,27
329,27
330,27
331,27
332,27
333,27
334,27
335,27
336,27
337,27
342,27
343,27
344,27
345,27
346,27
347,27
348,27
349,27
350,27
351,27
352,27
353,27
354,27
355,27
356,27
357,27
358,27
359,27
360,27
361,27
362,27
363,27
364,27
365,27
366,27
367,27
368,27
369,27
370,27
0,26
1,26
2,26
3,26
4,26
5,26
6,26
7,26
8,26
9,26
10,26
11,26
12,26
13,26
14,26
15,26
16,26
17,26
18,26
19,26
20,26
21,26
22,26
23,26
24,26
25,26
26,26
27,26
28,26
29,26
30,26
31,26
32,26
33,26
34,26
35,26
36,26
37,26
38,26
39,26
40,26
41,26
42,26
43,26
44,26
66,26
67,26
68,26
69,26
70,26
71,26
72,26
73,26
74,26
75,26
76,26
77,26
78,26
79,26
80,26
81,26
82,26
83,26
84,26
85,26
86,26
87,26
88,26
89,26
90,26
91,26
92,26
93,26
94,26
95,26
96,26
121,26
122,26
123,26
124,26
125,26
126,26
127,26
128,26
129,26
130,26
136,26
137,26
138,26
139,26
140,26
141,26
142,26
143,26
144,26
145,26
146,26
147,26
148,26
163,26
164,26
165,26
166,26
167,26
168,26
169,26
170,26
171,26
179,26
180,26
181,26
182,26
183,26
184,26
185,26
186,26
187,26
188,26
189,26
190,26
191,26
192,26
193,26
194,26
195,26
196,26
197,26
198,26
199,26
200,26
201,26
202,26
203,26
204,26
205,26
206,26
207,26
208,26
209,26
210,26
211,26
212,26
213,26
214,26
215,26
216,26
217,26
218,26
219,26
220,26
221,26
222,26
223,26
224,26
233,26
234,26
235,26
236,26
237,26
238,26
239,26
240,26
241,26
250,26
251,26
252,26
253,26
254,26
255,26
256,26
257,26
258,26
259,26
266,26
267,26
268,26
269,26
270,26
271,26
272,26
273,26
274,26
275,26
276,26
287,26
288,26
289,26
290,26
291,26
292,26
293,26
294,26
295,26
296,26
297,26
307,26
308,26
309,26
310,26
311,26
312,26
313,26
314,26
315,26
316,26
317,26
318,26
319,26
325,26
326,26
327,26
328,26
329,26
330,26
331,26
332,26
333,26
334,26
335,26
336,26
337,26
342,26
343,26
344,26
345,26
346,26
347,26
348,26
349,26
350,26
351,26
352,26
353,26
354,26
355,26
356,26
357,26
358,26
359,26
360,26
361,26
362,26
363,26
364,26
365,26
366,26
367,26
368,26
369,26
370,26
0,25
1,25
2,25
3,25
4,25
5,25
6,25
7,25
8,25
9,25
10,25
11,25
12,25
13,25
14,25
15,25
16,25
17,25
18,25
19,25
20,25
21,25
22,25
23,25
24,25
25,25
26,25
27,25
28,25
29,25
30,25
31,25
32,25
33,25
34,25
35,25
36,25
37,25
38,25
39,25
40,25
41,25
42,25
43,25
67,25
68,25
69,25
70,25
71,25
72,25
73,25
74,25
75,25
76,25
77,25
78,25
79,25
80,25
81,25
82,25
83,25
84,25
85,25
86,25
87,25
88,25
89,25
90,25
91,25
92,25
93,25
94,25
95,25
96,25
97,25
121,25
122,25
123,25
124,25
125,25
126,25
127,25
128,25
129,25
130,25
137,25
138,25
139,25
140,25
141,25
142,25
143,25
144,25
145,25
146,25
147,25
148,25
149,25
162,25
163,25
164,25
165,25
166,25
167,25
168,25
169,25
170,25
171,25
179,25
180,25
181,25
182,25
183,25
184,25
185,25
186,25
187,25
188,25
189,25
190,25
191,25
192,25
193,25
194,25
195,25
196,25
197,25
198,25
199,25
200,25
201,25
202,25
203,25
204,25
205,25
206,25
207,25
208,25
209,25
210,25
211,25
212,25
213,25
214,25
215,25
216,25
217,25
218,25
219,25
220,25
221,25
222,25
223,25
224,25
225,25
233,25
234,25
235,25
236,25
237,25
238,25
239,25
240,25
241,25
250,25
251,25
252,25
253,25
254,25
255,25
256,25
257,25
258,25
267,25
268,25
269,25
270,25
271,25
272,25
273,25
274,25
275,25
276,25
287,25
288,25
289,25
290,25
291,25
292,25
293,25
294,25
295,25
296,25
307,25
308,25
309,25
310,25
311,25
312,25
313,25
314,25
315,25
316,25
317,25
318,25
325,25
326,25
327,25
328,25
329,25
330,25
331,25
332,25
333,25
334,25
335,25
336,25
337,25
343,25
344,25
345,25
346,25
347,25
348,25
349,25
350,25
351,25
352,25
353,25
354,25
355,25
356,25
357,25
358,25
359,25
360,25
361,25
362,25
363,25
364,25
365,25
366,25
367,25
368,25
369,25
370,25
9,24
10,24
11,24
12,24
13,24
14,24
15,24
16,24
17,24
18,24
19,24
20,24
21,24
22,24
28,24
29,24
30,24
31,24
32,24
33,24
34,24
35,24
36,24
37,24
38,24
39,24
40,24
41,24
42,24
43,24
67,24
68,24
69,24
70,24
71,24
72,24
73,24
74,24
75,24
76,24
77,24
82,24
83,24
84,24
85,24
86,24
87,24
88,24
89,24
90,24
91,24
92,24
93,24
94,24
95,24
96,24
97,24
121,24
122,24
123,24
124,24
125,24
126,24
127,24
128,24
129,24
130,24
137,24
138,24
139,24
140,24
141,24
142,24
143,24
144,24
145,24
146,24
147,24
148,24
149,24
150,24
162,24
163,24
164,24
165,24
166,24
167,24
168,24
169,24
170,24
171,24
172,24
179,24
180,24
181,24
182,24
183,24
184,24
185,24
186,24
187,24
188,24
189,24
190,24
191,24
192,24
193,24
194,24
195,24
196,24
197,24
198,24
199,24
200,24
201,24
202,24
203,24
204,24
205,24
206,24
207,24
208,24
209,24
210,24
211,24
212,24
213,24
214,24
215,24
216,24
217,24
218,24
219,24
220,24
221,24
222,24
223,24
224,24
225,24
226,24
233,24
234,24
235,24
236,24
237,24
238,24
239,24
240,24
241,24
250,24
251,24
252,24
253,24
254,24
255,24
256,24
257,24
258,24
267,24
268,24
269,24
270,24
271,24
272,24
273,24
274,24
275,24
276,24
287,24
288,24
289,24
290,24
291,24
292,24
293,24
294,24
295,24
296,24
308,24
309,24
310,24
311,24
312,24
313,24
314,24
315,24
316,24
317,24
326,24
327,24
328,24
329,24
330,24
331,24
332,24
333,24
334,24
335,24
336,24
337,24
344,24
345,24
346,24
347,24
348,24
349,24
350,24
351,24
352,24
353,24
354,24
355,24
356,24
357,24
358,24
359,24
360,24
361,24
362,24
363,24
364,24
365,24
366,24
367,24
368,24
369,24
10,23
11,23
12,23
13,23
14,23
15,23
16,23
17,23
18,23
19,23
20,23
21,23
30,23
31,23
32,23
33,23
34,23
35,23
36,23
37,23
38,23
39,23
40,23
41,23
42,23
67,23
68,23
69,23
70,23
71,23
72,23
73,23
74,23
75,23
76,23
77,23
83,23
84,23
85,23
86,23
87,23
88,23
89,23
90,23
91,23
92,23
93,23
94,23
95,23
96,23
97,23
121,23
122,23
123,23
124,23
125,23
126,23
127,23
128,23
129,23
130,23
137,23
138,23
139,23
140,23
141,23
142,23
143,23
144,23
145,23
146,23
147,23
148,23
149,23
150,23
151,23
152,23
161,23
162,23
163,23
164,23
165,23
166,23
167,23
168,23
169,23
170,23
171,23
172,23
173,23
179,23
180,23
181,23
182,23
183,23
184,23
185,23
186,23
187,23
188,23
189,23
190,23
191,23
192,23
193,23
194,23
195,23
196,23
197,23
198,23
199,23
200,23
201,23
202,23
203,23
204,23
205,23
206,23
207,23
208,23
209,23
210,23
211,23
212,23
213,23
214,23
215,23
216,23
217,23
218,23
219,23
220,23
221,23
222,23
223,23
224,23
225,23
226,23
227,23
233,23
234,23
235,23
236,23
237,23
238,23
239,23
240,23
241,23
250,23
251,23
252,23
253,23
254,23
255,23
256,23
257,23
258,23
267,23
268,23
269,23
270,23
271,23
272,23
273,23
274,23
275,23
276,23
287,23
288,23
289,23
290,23
291,23
292,23
293,23
294,23
295,23
296,23
308,23
309,23
310,23
311,23
312,23
313,23
314,23
315,23
316,23
317,23
326,23
327,23
328,23
329,23
330,23
331,23
332,23
333,23
334,23
335,23
336,23
337,23
344,23
345,23
346,23
347,23
348,23
349,23
350,23
351,23
352,23
353,23
354,23
355,23
356,23
357,23
358,23
359,23
360,23
361,23
362,23
363,23
364,23
365,23
366,23
367,23
368,23
10,22
11,22
12,22
13,22
14,22
15,22
16,22
17,22
18,22
19,22
20,22
21,22
30,22
31,22
32,22
33,22
34,22
35,22
36,22
37,22
38,22
39,22
40,22
41,22
42,22
68,22
69,22
70,22
71,22
72,22
73,22
74,22
75,22
76,22
84,22
85,22
86,22
87,22
88,22
89,22
90,22
91,22
92,22
93,22
94,22
95,22
96,22
97,22
103,22
104,22
105,22
121,22
122,22
123,22
124,22
125,22
126,22
127,22
128,22
129,22
130,22
131,22
137,22
138,22
139,22
140,22
141,22
142,22
143,22
144,22
145,22
146,22
147,22
148,22
149,22
150,22
151,22
152,22
153,22
154,22
155,22
161,22
162,22
163,22
164,22
165,22
166,22
167,22
168,22
169,22
170,22
171,22
172,22
173,22
174,22
179,22
180,22
181,22
182,22
183,22
184,22
185,22
186,22
187,22
188,22
189,22
190,22
191,22
192,22
193,22
194,22
195,22
196,22
197,22
198,22
199,22
200,22
201,22
202,22
203,22
204,22
205,22
206,22
207,22
208,22
209,22
210,22
211,22
212,22
213,22
214,22
215,22
216,22
217,22
218,22
219,22
220,22
221,22
222,22
223,22
224,22
225,22
226,22
227,22
228,22
232,22
233,22
234,22
235,22
236,22
237,22
238,22
239,22
240,22
241,22
250,22
251,22
252,22
253,22
254,22
255,22
256,22
257,22
258,22
267,22
268,22
269,22
270,22
271,22
272,22
273,22
274,22
275,22
276,22
287,22
288,22
289,22
290,22
291,22
292,22
293,22
294,22
295,22
296,22
308,22
309,22
310,22
311,22
312,22
313,22
314,22
315,22
316,22
317,22
326,22
327,22
328,22
329,22
330,22
331,22
332,22
333,22
334,22
335,22
336,22
345,22
346,22
347,22
348,22
349,22
350,22
351,22
352,22
353,22
354,22
355,22
356,22
357,22
358,22
359,22
360,22
361,22
362,22
363,22
364,22
365,22
366,22
367,22
368,22
11,21
12,21
13,21
14,21
15,21
16,21
17,21
18,21
19,21
20,21
21,21
30,21
31,21
32,21
33,21
34,21
35,21
36,21
37,21
38,21
39,21
40,21
41,21
68,21
69,21
70,21
71,21
72,21
73,21
74,21
75,21
76,21
85,21
86,21
87,21
88,21
89,21
90,21
91,21
92,21
93,21
94,21
95,21
96,21
97,21
98,21
99,21
100,21
101,21
102,21
103,21
104,21
105,21
106,21
107,21
120,21
121,21
122,21
123,21
124,21
125,21
126,21
127,21
128,21
129,21
130,21
131,21
132,21
133,21
134,21
135,21
136,21
137,21
138,21
139,21
140,21
141,21
142,21
143,21
144,21
145,21
146,21
147,21
148,21
149,21
150,21
151,21
152,21
153,21
154,21
155,21
156,21
161,21
162,21
163,21
164,21
165,21
166,21
167,21
168,21
169,21
170,21
171,21
172,21
173,21
179,21
180,21
181,21
182,21
183,21
184,21
185,21
186,21
187,21
188,21
189,21
190,21
191,21
192,21
193,21
194,21
195,21
196,21
197,21
198,21
199,21
200,21
201,21
202,21
203,21
204,21
205,21
206,21
207,21
208,21
209,21
210,21
211,21
212,21
213,21
214,21
215,21
216,21
217,21
218,21
219,21
220,21
221,21
222,21
223,21
224,21
225,21
226,21
227,21
228,21
229,21
230,21
231,21
232,21
233,21
234,21
235,21
236,21
237,21
238,21
239,21
240,21
241,21
250,21
251,21
252,21
253,21
254,21
255,21
256,21
257,21
258,21
259,21
267,21
268,21
269,21
270,21
271,21
272,21
273,21
274,21
275,21
276,21
287,21
288,21
289,21
290,21
291,21
292,21
293,21
294,21
295,21
296,21
308,21
309,21
310,21
311,21
312,21
313,21
314,21
315,21
316,21
317,21
326,21
327,21
328,21
329,21
330,21
331,21
332,21
333,21
334,21
335,21
336,21
345,21
346,21
347,21
348,21
349,21
350,21
351,21
352,21
353,21
354,21
355,21
356,21
357,21
358,21
359,21
360,21
361,21
362,21
363,21
364,21
365,21
366,21
367,21
11,20
12,20
13,20
14,20
15,20
16,20
17,20
18,20
19,20
20,20
21,20
30,20
31,20
32,20
33,20
34,20
35,20
36,20
37,20
38,20
39,20
40,20
68,20
69,20
70,20
71,20
72,20
73,20
74,20
75,20
76,20
86,20
87,20
88,20
89,20
90,20
91,20
92,20
93,20
94,20
95,20
96,20
97,20
98,20
99,20
100,20
101,20
102,20
103,20
104,20
105,20
106,20
107,20
108,20
119,20
120,20
121,20
122,20
123,20
124,20
125,20
126,20
127,20
128,20
129,20
130,20
131,20
132,20
133,20
134,20
135,20
136,20
137,20
138,20
139,20
140,20
141,20
142,20
143,20
144,20
145,20
146,20
147,20
148,20
149,20
150,20
151,20
152,20
153,20
154,20
155,20
156,20
161,20
162,20
163,20
164,20
165,20
166,20
167,20
182,20
183,20
184,20
185,20
186,20
191,20
192,20
193,20
194,20
195,20
196,20
197,20
198,20
199,20
200,20
201,20
202,20
203,20
204,20
205,20
206,20
207,20
208,20
209,20
210,20
211,20
212,20
213,20
214,20
215,20
216,20
217,20
218,20
219,20
220,20
221,20
222,20
223,20
224,20
225,20
226,20
227,20
228,20
229,20
230,20
231,20
232,20
233,20
234,20
235,20
236,20
237,20
238,20
239,20
240,20
241,20
242,20
250,20
251,20
252,20
253,20
254,20
255,20
256,20
257,20
258,20
259,20
267,20
268,20
269,20
270,20
271,20
272,20
273,20
274,20
275,20
276,20
287,20
288,20
289,20
290,20
291,20
292,20
293,20
294,20
295,20
296,20
308,20
309,20
310,20
311,20
312,20
313,20
314,20
315,20
316,20
317,20
326,20
327,20
328,20
329,20
330,20
331,20
332,20
333,20
334,20
335,20
336,20
345,20
346,20
347,20
348,20
349,20
350,20
351,20
352,20
353,20
354,20
355,20
356,20
357,20
358,20
359,20
360,20
361,20
362,20
363,20
364,20
365,20
366,20
367,20
11,19
12,19
13,19
14,19
15,19
16,19
17,19
18,19
19,19
20,19
30,19
31,19
32,19
33,19
34,19
35,19
36,19
37,19
38,19
39,19
49,19
50,19
68,19
69,19
70,19
71,19
72,19
73,19
74,19
75,19
76,19
77,19
86,19
87,19
88,19
89,19
90,19
91,19
92,19
93,19
94,19
95,19
96,19
97,19
98,19
99,19
100,19
101,19
102,19
103,19
104,19
105,19
106,19
107,19
108,19
109,19
117,19
118,19
119,19
120,19
121,19
122,19
123,19
124,19
125,19
126,19
127,19
128,19
129,19
130,19
131,19
132,19
133,19
134,19
135,19
136,19
137,19
138,19
139,19
140,19
141,19
142,19
143,19
144,19
145,19
146,19
147,19
148,19
149,19
150,19
151,19
152,19
153,19
200,19
201,19
202,19
203,19
204,19
205,19
206,19
207,19
208,19
209,19
210,19
211,19
212,19
213,19
214,19
215,19
216,19
217,19
218,19
219,19
220,19
221,19
222,19
223,19
224,19
225,19
226,19
227,19
228,19
229,19
230,19
231,19
232,19
233,19
234,19
235,19
236,19
237,19
238,19
239,19
240,19
241,19
242,19
243,19
248,19
249,19
250,19
251,19
252,19
253,19
254,19
255,19
256,19
257,19
258,19
259,19
260,19
266,19
267,19
268,19
269,19
270,19
271,19
272,19
273,19
274,19
275,19
276,19
287,19
288,19
289,19
290,19
291,19
292,19
293,19
294,19
295,19
296,19
308,19
309,19
310,19
311,19
312,19
313,19
314,19
315,19
316,19
317,19
326,19
327,19
328,19
329,19
330,19
331,19
332,19
333,19
334,19
335,19
336,19
344,19
345,19
346,19
347,19
348,19
349,19
350,19
351,19
352,19
353,19
354,19
355,19
356,19
357,19
358,19
359,19
360,19
361,19
362,19
363,19
364,19
365,19
366,19
367,19
12,18
13,18
14,18
15,18
16,18
17,18
18,18
19,18
20,18
30,18
31,18
32,18
33,18
34,18
35,18
36,18
37,18
38,18
39,18
47,18
48,18
49,18
50,18
51,18
52,18
68,18
69,18
70,18
71,18
72,18
73,18
74,18
75,18
76,18
77,18
86,18
87,18
88,18
89,18
90,18
91,18
92,18
93,18
94,18
95,18
96,18
97,18
98,18
99,18
100,18
101,18
102,18
103,18
104,18
105,18
106,18
107,18
108,18
109,18
116,18
117,18
118,18
119,18
120,18
121,18
122,18
123,18
124,18
125,18
126,18
127,18
128,18
129,18
130,18
131,18
132,18
133,18
134,18
135,18
136,18
137,18
138,18
139,18
140,18
141,18
142,18
143,18
144,18
145,18
146,18
147,18
148,18
149,18
202,18
203,18
204,18
205,18
206,18
207,18
208,18
209,18
210,18
211,18
212,18
213,18
214,18
215,18
216,18
217,18
218,18
219,18
220,18
221,18
222,18
223,18
224,18
225,18
226,18
227,18
228,18
229,18
230,18
231,18
232,18
233,18
234,18
235,18
236,18
237,18
238,18
239,18
240,18
241,18
242,18
243,18
244,18
245,18
246,18
247,18
248,18
249,18
250,18
251,18
252,18
253,18
254,18
255,18
256,18
257,18
258,18
259,18
260,18
261,18
262,18
263,18
264,18
265,18
266,18
267,18
268,18
269,18
270,18
271,18
272,18
273,18
274,18
275,18
276,18
277,18
286,18
287,18
288,18
289,18
290,18
291,18
292,18
293,18
294,18
295,18
296,18
308,18
309,18
310,18
311,18
312,18
313,18
314,18
315,18
316,18
317,18
326,18
327,18
328,18
329,18
330,18
331,18
332,18
333,18
334,18
335,18
336,18
344,18
345,18
346,18
347,18
348,18
349,18
350,18
351,18
352,18
353,18
354,18
355,18
356,18
357,18
358,18
359,18
360,18
361,18
362,18
363,18
364,18
365,18
366,18
367,18
12,17
13,17
14,17
15,17
16,17
17,17
18,17
19,17
20,17
30,17
31,17
32,17
33,17
34,17
35,17
36,17
37,17
38,17
46,17
47,17
48,17
49,17
50,17
51,17
52,17
53,17
54,17
68,17
69,17
70,17
71,17
72,17
73,17
74,17
75,17
76,17
77,17
78,17
83,17
84,17
85,17
86,17
87,17
88,17
89,17
90,17
91,17
92,17
93,17
94,17
95,17
96,17
97,17
98,17
99,17
100,17
101,17
102,17
103,17
104,17
105,17
106,17
107,17
108,17
109,17
110,17
116,17
117,17
118,17
119,17
120,17
121,17
122,17
123,17
124,17
125,17
126,17
127,17
128,17
129,17
130,17
131,17
132,17
133,17
134,17
135,17
136,17
137,17
138,17
203,17
204,17
205,17
206,17
207,17
208,17
209,17
210,17
211,17
212,17
213,17
214,17
215,17
216,17
217,17
218,17
219,17
220,17
221,17
222,17
223,17
224,17
225,17
226,17
227,17
228,17
229,17
230,17
231,17
232,17
233,17
234,17
235,17
236,17
237,17
238,17
239,17
240,17
241,17
242,17
243,17
244,17
245,17
246,17
247,17
248,17
249,17
250,17
251,17
252,17
253,17
254,17
255,17
256,17
257,17
258,17
259,17
260,17
261,17
262,17
263,17
264,17
265,17
266,17
267,17
268,17
269,17
270,17
271,17
272,17
273,17
274,17
275,17
276,17
277,17
278,17
285,17
286,17
287,17
288,17
289,17
290,17
291,17
292,17
293,17
294,17
295,17
296,17
297,17
307,17
308,17
309,17
310,17
311,17
312,17
313,17
314,17
315,17
316,17
317,17
326,17
327,17
328,17
329,17
330,17
331,17
332,17
333,17
334,17
335,17
336,17
344,17
345,17
346,17
347,17
348,17
349,17
350,17
351,17
352,17
353,17
354,17
355,17
356,17
357,17
358,17
359,17
360,17
361,17
362,17
363,17
364,17
365,17
366,17
367,17
12,16
13,16
14,16
15,16
16,16
17,16
18,16
19,16
20,16
21,16
30,16
31,16
32,16
33,16
34,16
35,16
36,16
37,16
45,16
46,16
47,16
48,16
49,16
50,16
51,16
52,16
53,16
54,16
55,16
67,16
68,16
69,16
70,16
71,16
72,16
73,16
74,16
75,16
76,16
77,16
78,16
79,16
80,16
81,16
82,16
83,16
84,16
85,16
86,16
87,16
88,16
89,16
90,16
91,16
92,16
93,16
94,16
95,16
96,16
97,16
98,16
99,16
100,16
101,16
102,16
103,16
104,16
105,16
106,16
107,16
108,16
109,16
117,16
118,16
119,16
120,16
121,16
122,16
123,16
124,16
125,16
126,16
204,16
205,16
206,16
207,16
208,16
209,16
210,16
211,16
212,16
213,16
214,16
215,16
216,16
217,16
218,16
219,16
220,16
221,16
222,16
223,16
224,16
225,16
226,16
227,16
228,16
229,16
230,16
231,16
232,16
233,16
234,16
252,16
253,16
254,16
255,16
256,16
257,16
258,16
259,16
260,16
261,16
262,16
263,16
264,16
265,16
266,16
267,16
268,16
269,16
270,16
271,16
272,16
273,16
274,16
275,16
276,16
277,16
278,16
283,16
284,16
285,16
286,16
287,16
288,16
289,16
290,16
291,16
292,16
293,16
294,16
295,16
296,16
297,16
298,16
299,16
305,16
306,16
307,16
308,16
309,16
310,16
311,16
312,16
313,16
314,16
315,16
316,16
317,16
318,16
325,16
326,16
327,16
328,16
329,16
330,16
331,16
332,16
333,16
334,16
335,16
336,16
337,16
344,16
345,16
346,16
347,16
348,16
349,16
350,16
351,16
352,16
353,16
354,16
355,16
356,16
357,16
358,16
359,16
360,16
361,16
362,16
363,16
364,16
365,16
366,16
367,16
12,15
13,15
14,15
15,15
16,15
17,15
18,15
19,15
20,15
21,15
29,15
30,15
31,15
32,15
33,15
34,15
35,15
36,15
45,15
46,15
47,15
48,15
49,15
50,15
51,15
52,15
53,15
54,15
55,15
56,15
66,15
67,15
68,15
69,15
70,15
71,15
72,15
73,15
74,15
75,15
76,15
77,15
78,15
79,15
80,15
81,15
82,15
83,15
84,15
85,15
86,15
87,15
88,15
89,15
90,15
91,15
92,15
93,15
94,15
95,15
96,15
97,15
98,15
99,15
100,15
101,15
102,15
103,15
104,15
105,15
106,15
107,15
108,15
205,15
206,15
207,15
208,15
209,15
210,15
211,15
212,15
213,15
214,15
215,15
216,15
217,15
218,15
219,15
220,15
221,15
222,15
223,15
224,15
225,15
226,15
227,15
228,15
229,15
230,15
231,15
232,15
233,15
234,15
264,15
265,15
266,15
267,15
268,15
269,15
270,15
271,15
272,15
273,15
274,15
275,15
276,15
283,15
284,15
285,15
286,15
287,15
288,15
289,15
290,15
291,15
292,15
293,15
294,15
295,15
296,15
297,15
298,15
299,15
300,15
304,15
305,15
306,15
307,15
308,15
309,15
310,15
311,15
312,15
313,15
314,15
315,15
316,15
317,15
318,15
319,15
320,15
321,15
322,15
323,15
324,15
325,15
326,15
327,15
328,15
329,15
330,15
331,15
332,15
333,15
334,15
335,15
336,15
337,15
338,15
344,15
345,15
346,15
347,15
348,15
349,15
350,15
351,15
352,15
353,15
354,15
355,15
356,15
357,15
358,15
359,15
360,15
361,15
362,15
363,15
364,15
365,15
366,15
367,15
375,15
376,15
377,15
378,15
379,15
380,15
381,15
382,15
12,14
13,14
14,14
15,14
16,14
17,14
18,14
19,14
20,14
21,14
22,14
27,14
28,14
29,14
30,14
31,14
32,14
33,14
34,14
35,14
45,14
46,14
47,14
48,14
49,14
50,14
51,14
52,14
53,14
54,14
55,14
56,14
65,14
66,14
67,14
68,14
69,14
70,14
71,14
72,14
73,14
74,14
75,14
76,14
77,14
78,14
79,14
80,14
81,14
82,14
83,14
84,14
85,14
86,14
87,14
88,14
89,14
90,14
91,14
92,14
93,14
94,14
95,14
100,14
101,14
102,14
103,14
104,14
105,14
106,14
107,14
206,14
207,14
208,14
209,14
210,14
211,14
212,14
213,14
214,14
215,14
216,14
217,14
218,14
219,14
220,14
221,14
222,14
223,14
224,14
225,14
226,14
227,14
228,14
229,14
230,14
231,14
232,14
233,14
234,14
284,14
285,14
286,14
287,14
288,14
289,14
290,14
291,14
292,14
293,14
294,14
295,14
296,14
297,14
298,14
299,14
300,14
304,14
305,14
306,14
307,14
308,14
309,14
310,14
311,14
312,14
313,14
314,14
315,14
316,14
317,14
318,14
319,14
320,14
321,14
322,14
323,14
324,14
325,14
326,14
327,14
328,14
329,14
330,14
331,14
332,14
333,14
334,14
335,14
336,14
337,14
338,14
344,14
345,14
346,14
347,14
348,14
349,14
350,14
351,14
352,14
353,14
354,14
355,14
356,14
357,14
358,14
359,14
360,14
361,14
362,14
363,14
364,14
365,14
366,14
373,14
374,14
375,14
376,14
377,14
378,14
379,14
380,14
381,14
382,14
383,14
10,13
11,13
12,13
13,13
14,13
15,13
16,13
17,13
18,13
19,13
20,13
21,13
22,13
23,13
24,13
25,13
26,13
27,13
28,13
29,13
30,13
31,13
32,13
33,13
34,13
45,13
46,13
47,13
48,13
49,13
50,13
51,13
52,13
53,13
54,13
55,13
56,13
65,13
66,13
67,13
68,13
69,13
70,13
71,13
72,13
73,13
74,13
75,13
76,13
77,13
78,13
79,13
80,13
81,13
82,13
83,13
84,13
85,13
91,13
92,13
93,13
94,13
102,13
103,13
104,13
105,13
106,13
207,13
208,13
209,13
210,13
211,13
212,13
213,13
214,13
215,13
216,13
217,13
218,13
219,13
220,13
221,13
222,13
223,13
224,13
225,13
226,13
227,13
228,13
229,13
230,13
231,13
232,13
233,13
234,13
307,13
308,13
309,13
310,13
326,13
327,13
328,13
329,13
330,13
331,13
332,13
333,13
334,13
335,13
336,13
337,13
338,13
344,13
345,13
346,13
347,13
348,13
349,13
350,13
351,13
352,13
353,13
354,13
355,13
356,13
357,13
358,13
359,13
360,13
361,13
362,13
363,13
364,13
365,13
366,13
373,13
374,13
375,13
376,13
377,13
378,13
379,13
380,13
381,13
382,13
383,13
384,13
8,12
9,12
10,12
11,12
12,12
13,12
14,12
15,12
16,12
17,12
18,12
19,12
20,12
21,12
22,12
23,12
24,12
25,12
26,12
27,12
28,12
29,12
30,12
31,12
32,12
33,12
45,12
46,12
47,12
48,12
49,12
50,12
51,12
52,12
53,12
54,12
55,12
56,12
65,12
66,12
67,12
68,12
69,12
70,12
71,12
72,12
73,12
74,12
75,12
76,12
208,12
209,12
210,12
211,12
212,12
213,12
214,12
215,12
216,12
217,12
218,12
219,12
220,12
221,12
222,12
223,12
224,12
225,12
226,12
227,12
228,12
229,12
230,12
231,12
232,12
233,12
234,12
235,12
329,12
330,12
331,12
332,12
333,12
334,12
335,12
336,12
344,12
345,12
346,12
347,12
348,12
349,12
350,12
351,12
352,12
353,12
354,12
355,12
356,12
357,12
358,12
359,12
360,12
361,12
362,12
363,12
364,12
365,12
366,12
373,12
374,12
375,12
376,12
377,12
378,12
379,12
380,12
381,12
382,12
383,12
384,12
6,11
7,11
8,11
9,11
10,11
11,11
12,11
13,11
14,11
15,11
16,11
17,11
18,11
19,11
20,11
21,11
22,11
23,11
24,11
25,11
26,11
27,11
28,11
29,11
30,11
31,11
32,11
46,11
47,11
48,11
49,11
50,11
51,11
52,11
53,11
54,11
55,11
208,11
209,11
210,11
211,11
212,11
213,11
214,11
215,11
216,11
217,11
218,11
219,11
220,11
221,11
222,11
223,11
224,11
225,11
226,11
227,11
228,11
229,11
230,11
231,11
232,11
233,11
234,11
235,11
236,11
345,11
346,11
347,11
348,11
349,11
350,11
351,11
352,11
353,11
354,11
355,11
356,11
357,11
358,11
359,11
360,11
361,11
362,11
363,11
364,11
365,11
373,11
374,11
375,11
376,11
377,11
378,11
379,11
380,11
381,11
382,11
383,11
6,10
7,10
8,10
9,10
10,10
11,10
12,10
13,10
14,10
15,10
16,10
17,10
18,10
19,10
20,10
21,10
22,10
23,10
24,10
25,10
26,10
27,10
28,10
29,10
47,10
48,10
49,10
50,10
51,10
52,10
53,10
54,10
209,10
210,10
211,10
212,10
213,10
214,10
215,10
216,10
217,10
218,10
219,10
220,10
221,10
222,10
223,10
224,10
225,10
226,10
227,10
228,10
229,10
230,10
231,10
232,10
233,10
234,10
235,10
236,10
237,10
353,10
354,10
355,10
356,10
357,10
358,10
359,10
360,10
361,10
362,10
363,10
364,10
374,10
375,10
376,10
377,10
378,10
379,10
380,10
381,10
382,10
6,9
7,9
8,9
9,9
10,9
11,9
12,9
13,9
14,9
15,9
16,9
17,9
18,9
19,9
20,9
21,9
22,9
23,9
24,9
25,9
26,9
27,9
49,9
50,9
51,9
52,9
53,9
210,9
211,9
212,9
213,9
214,9
215,9
216,9
217,9
218,9
219,9
220,9
221,9
222,9
223,9
224,9
225,9
226,9
227,9
228,9
229,9
230,9
231,9
232,9
233,9
234,9
235,9
236,9
237,9
357,9
358,9
359,9
360,9
361,9
375,9
376,9
377,9
378,9
379,9
380,9
381,9
382,9
6,8
7,8
8,8
9,8
10,8
11,8
12,8
13,8
211,8
212,8
213,8
214,8
215,8
216,8
217,8
218,8
219,8
220,8
221,8
222,8
223,8
224,8
225,8
226,8
227,8
228,8
229,8
230,8
231,8
232,8
233,8
234,8
235,8
236,8
237,8
238,8
376,8
377,8
378,8
379,8
380,8
381,8
7,7
8,7
9,7
10,7
11,7
12,7
212,7
213,7
214,7
215,7
216,7
217,7
218,7
219,7
220,7
221,7
222,7
223,7
224,7
225,7
226,7
227,7
228,7
229,7
230,7
231,7
232,7
233,7
234,7
235,7
236,7
237,7
238,7
239,7
8,6
9,6
213,6
214,6
215,6
216,6
217,6
218,6
219,6
220,6
221,6
222,6
223,6
224,6
225,6
226,6
227,6
228,6
229,6
230,6
231,6
232,6
233,6
234,6
235,6
236,6
237,6
238,6
239,6
240,6
215,5
216,5
217,5
218,5
219,5
220,5
221,5
222,5
223,5
224,5
225,5
226,5
227,5
228,5
229,5
230,5
231,5
232,5
233,5
234,5
235,5
236,5
237,5
238,5
239,5
240,5
241,5
215,4
216,4
217,4
218,4
219,4
220,4
221,4
222,4
223,4
224,4
225,4
226,4
227,4
228,4
229,4
230,4
231,4
232,4
233,4
234,4
235,4
236,4
237,4
238,4
239,4
240,4
241,4
216,3
217,3
218,3
219,3
220,3
221,3
222,3
223,3
224,3
225,3
226,3
227,3
228,3
229,3
230,3
231,3
232,3
233,3
234,3
235,3
236,3
237,3
238,3
239,3
240,3
241,3
242,3
217,2
218,2
219,2
220,2
221,2
222,2
223,2
224,2
225,2
226,2
227,2
228,2
229,2
230,2
231,2
232,2
233,2
234,2
235,2
236,2
237,2
238,2
239,2
240,2
241,2
242,2
243,2
217,1
218,1
219,1
220,1
221,1
222,1
223,1
224,1
225,1
226,1
227,1
228,1
229,1
230,1
231,1
232,1
233,1
234,1
235,1
236,1
237,1
238,1
239,1
240,1
241,1
242,1
243,1
244,1
